point_name,position,distance_cm,height_cm,neutron_flux_x_cm,neutron_flux_y_cm,neutron_flux_z_cm,neutron_flux [n/cm2/s],u_mc_neutron_flux [n/cm2/s],rel_u_mc_neutron_flux [%],neutron_flux_tally_volume_cm3,gamma_flux_x_cm,gamma_flux_y_cm,gamma_flux_z_cm,gamma_flux_tally_volume_cm3,gamma_flux [photon/cm2/s],u_mc_gamma_flux [photon/cm2/s],rel_u_mc_gamma_flux [%],common_dose_x_cm,common_dose_y_cm,common_dose_z_cm,neutron_dose_per_source [pSv/source],u_mc_neutron_dose_per_source [pSv/source],neutron_dose_rate [uSv/h],u_mc_neutron_dose_rate [uSv/h],rel_u_mc_neutron_dose_rate [%],neutron_dose_mc_uncertainty_class,gamma_dose_per_source [pSv/source],u_mc_gamma_dose_per_source [pSv/source],gamma_dose_rate [uSv/h],u_mc_gamma_dose_rate [uSv/h],rel_u_mc_gamma_dose_rate [%],gamma_dose_mc_uncertainty_class,common_flux_x_cm,common_flux_y_cm,common_flux_z_cm,common_flux_tally_volume_cm3,common_neutron_flux [n/cm2/s],u_mc_common_neutron_flux [n/cm2/s],rel_u_mc_common_neutron_flux [%],common_gamma_flux [photon/cm2/s],u_mc_common_gamma_flux [photon/cm2/s],rel_u_mc_common_gamma_flux [%],x_cm,y_cm,z_cm,flux_centre_separation_cm,total_dose_rate [uSv/h],u_mc_total_dose_rate [uSv/h],rel_u_mc_total_dose_rate [%],total_dose_mc_uncertainty_class,neutron_dose_rate_std [uSv/h],gamma_dose_rate_std [uSv/h],total_dose_rate_std [uSv/h],neutron_dose_rel_unc [%],gamma_dose_rel_unc [%],total_dose_rel_unc [%],neutron_flux_std [n/cm2/s],gamma_flux_std [photon/cm2/s],neutron_flux_rel_unc [%],gamma_flux_rel_unc [%],common_gamma_to_neutron_flux_ratio,common_total_particle_flux [particles/cm2/s],u_mc_common_total_particle_flux [particles/cm2/s],u_mc_common_gamma_to_neutron_flux_ratio,gamma_to_neutron_dose_ratio,neutron_dose_fraction,gamma_dose_fraction,u_mc_gamma_to_neutron_dose_ratio,u_mc_neutron_dose_fraction,u_mc_gamma_dose_fraction,height_group
P1_x0_h42,P1,0.0,42.0,0.0,-44.25,1.0,177.15521207066476,4.600418640831474,2.5968294057283683,8.0,0.0,-35.405,1.0,2.477979114806917,62.04718862535076,2.182215344413969,3.517025336297633,0.0,-44.25,1.0,0.003084872631079417,0.00010122389784461223,121.49949771851662,3.986761923758079,3.2812990988607957,low,3.735958599516076e-05,2.5845690952041697e-06,0.9595209207722926,0.0663805032087654,6.918088159592969,moderate,0.0,-44.25,1.0,8.0,179.085533529109,4.601233288041354,2.5692936762496554,42.22532573480115,2.152622111784387,5.097940807618791,0.0,-44.25,1.0,8.844999999999999,122.45901863928891,3.987314510787112,3.256039902240283,low,3.986761923758079,0.0663805032087654,3.987314510787112,3.2812990988607957,6.918088159592969,3.256039902240283,4.600418640831474,2.182215344413969,2.5968294057283683,3.517025336297633,0.2357830077209321,221.31085926391015,5.079874971603427,0.013460354124956565,0.007897324176559627,0.9921645548736706,0.00783544512632936,0.000604683768335247,0.0005952449594405096,0.0005952449594405096,Lower height group (42–55 cm)
P1_x4_h42,P1,4.0,42.0,0.0,-48.25,1.0,146.68212194049772,4.473018636377919,3.049464090922014,8.0,0.0,-39.405,1.0,2.477979114806917,52.40359837687933,2.1174014879203105,4.040565063284884,0.0,-48.25,1.0,0.0026471568341723656,8.789542771268742e-05,104.25980719390064,3.4618123974567365,3.32037099494968,low,3.014284936097598e-05,2.2582999985782578e-06,0.7741706392916285,0.05800080585198552,7.491992450793104,moderate,0.0,-48.25,1.0,8.0,154.46100177815634,4.183424568833001,2.708401810601629,33.73988962258594,1.7542173455675283,5.199238542835158,0.0,-48.25,1.0,8.844999999999999,105.03397783319227,3.4622982495251096,3.2963602073832656,low,3.4618123974567365,0.05800080585198552,3.4622982495251096,3.32037099494968,7.491992450793104,3.2963602073832656,4.473018636377919,2.1174014879203105,3.049464090922014,4.040565063284884,0.218436299351759,188.20089140074228,4.536333279048792,0.012805570123087336,0.007425398723899796,0.9926293314291009,0.007370668570899153,0.000608496879925879,0.0005995598799301842,0.0005995598799301842,Lower height group (42–55 cm)
P1_x57_h42,P1,57.0,42.0,0.0,-101.25,1.0,32.214048491732484,2.026094679635712,6.28947547575616,8.0,0.0,-92.405,1.0,2.477979114806917,9.711539200266092,1.1135937699062102,11.466707253528856,0.0,-101.25,1.0,0.00047865692411144437,4.3233989555019995e-05,18.852180564317578,1.7027957531797662,9.032354360124945,moderate,6.411404328076077e-06,9.299749048265581e-07,0.16466661555392717,0.023884910745260637,14.505011027835508,high,0.0,-101.25,1.0,8.0,27.613999300500726,1.9288982493798903,6.985218723261551,6.933795993935661,0.8037643213227551,11.59198110278601,0.0,-101.25,1.0,8.844999999999999,19.016847179871505,1.7029632603225344,8.955024164705105,moderate,1.7027957531797662,0.023884910745260637,1.7029632603225344,9.032354360124945,14.505011027835508,8.955024164705105,2.026094679635712,1.1135937699062102,6.28947547575616,11.466707253528856,0.25109713078793083,34.54779529443638,2.089661585207575,0.033983314110892976,0.008734619053331132,0.9913410138917129,0.008658986108287157,0.0014925180985536045,0.0014667826176724451,0.0014667826176724451,Lower height group (42–55 cm)
P1_x114_h42,P1,114.0,42.0,0.0,-158.25,1.0,11.593492991525263,1.274613879642905,10.994217882174388,8.0,0.0,-149.405,1.0,2.477979114806917,2.4600306749043,0.5367842425401338,21.820225577513003,0.0,-158.25,1.0,0.00017694235541494663,2.513984348464634e-05,6.968977289841893,0.9901473160782885,14.207928579729268,high,3.0616316347283253e-06,6.808639049796571e-07,0.078633087786375,0.017486895093305435,22.238596480927516,high,0.0,-158.25,1.0,8.0,10.324536995185621,1.1699957294669636,11.332185937369763,2.8231913391542225,0.5439310463290069,19.266531417312965,0.0,-158.25,1.0,8.844999999999999,7.047610377628268,0.9903017212128041,14.051595762960869,high,0.9901473160782885,0.017486895093305435,0.9903017212128041,14.207928579729268,22.238596480927516,14.051595762960869,1.274613879642905,0.5367842425401338,10.994217882174388,21.820225577513003,0.2734448373298182,13.147728334339844,1.2902522970843728,0.06112074279241275,0.011283303778445655,0.9888425886828272,0.011157411317172926,0.002977638871811576,0.002911564068311605,0.002911564068311605,Lower height group (42–55 cm)
P1_x176_h42,P1,176.0,42.0,0.0,-220.25,1.0,5.496818850416658,0.8653820872851108,15.743325564012627,8.0,0.0,-211.405,1.0,2.477979114806917,1.9000138854469024,0.4941729198822211,26.00891096993149,0.0,-220.25,1.0,9.09296406081835e-05,1.7940251802450162e-05,3.581316632108014,0.7065872221047599,19.72981712283989,high,7.65639909197916e-07,2.934062239771696e-07,0.01966423050696436,0.0075356672910498025,38.32169933311624,very high,0.0,-220.25,1.0,8.0,5.9763386546710375,0.8952015246594638,14.979096339525281,0.8386304630439861,0.24756077164208973,29.519649303403035,0.0,-220.25,1.0,8.844999999999999,3.6009808626149784,0.7066274044524757,19.623192441498663,high,0.7065872221047599,0.0075356672910498025,0.7066274044524757,19.72981712283989,38.32169933311624,19.623192441498663,0.8653820872851108,0.4941729198822211,15.743325564012627,26.00891096993149,0.14032512404371902,6.814969117715024,0.928801434865739,0.046451283489803756,0.005490782448741405,0.9945392016072298,0.005460798392770266,0.0023666599299355315,0.00234088279900656,0.00234088279900656,Lower height group (42–55 cm)
P1_x199_h42,P1,199.0,42.0,0.0,-243.25,1.0,4.06171590447158,0.7151316008067488,17.606637628679394,8.0,0.0,-234.405,1.0,2.477979114806917,1.1566768462971817,0.4078521746385294,35.260684602114104,0.0,-243.25,1.0,5.198987487911701e-05,1.4286988149311674e-05,2.0476513748481637,0.5627013143308864,27.480328011041994,very high,3.9326840101197265e-07,1.865553934942717e-07,0.010100466806525472,0.004791375444145648,47.437168359883614,very high,0.0,-243.25,1.0,8.0,3.3518934689123805,0.6112418092405257,18.23571706289523,0.6990647149982733,0.24148778487816874,34.54441050980026,0.0,-243.25,1.0,8.844999999999999,2.057751841654689,0.5627217131303481,27.34643224412569,very high,0.5627013143308864,0.004791375444145648,0.5627217131303481,27.480328011041994,47.437168359883614,27.34643224412569,0.7151316008067488,0.4078521746385294,17.606637628679394,35.260684602114104,0.20855815421398377,4.050958183910653,0.6572160220270014,0.0814674621906732,0.004932708238615294,0.9950915039403374,0.0049084960596625865,0.002704210068897338,0.002677728013397201,0.002677728013397201,Lower height group (42–55 cm)
P1_x320_h42,P1,320.0,42.0,0.0,-364.25,1.0,1.292305174607791,0.4035930762682689,31.23047745984285,8.0,0.0,-355.405,1.0,2.477979114806917,0.1845965458458599,0.1449650065488941,78.53072541776673,0.0,-364.25,1.0,4.4429618257896137e-05,1.3338244120067607e-05,1.7498862830751487,0.5253344804929975,30.021063972786,very high,3.201299422665569e-07,2.103394404097367e-07,0.008222023044103752,0.005402230462693617,65.70439457193824,very high,0.0,-364.25,1.0,8.0,2.3783840093563753,0.5708132129391393,24.000044176785796,0.29902716059867596,0.16848132796806678,56.343152117270506,0.0,-364.25,1.0,8.845000000000027,1.7581083061192524,0.5253622564372317,29.882246424106043,very high,0.5253344804929975,0.005402230462693617,0.5253622564372317,30.021063972786,65.70439457193824,29.882246424106043,0.4035930762682689,0.1449650065488941,31.23047745984285,78.53072541776673,0.12572703122049536,2.677411169955051,0.5951585351314274,0.07699744407815011,0.004698604202814165,0.995323369433222,0.0046766305667780925,0.0033941787135421354,0.0033625063073535566,0.0033625063073535566,Lower height group (42–55 cm)
P1_x420_h42,P1,420.0,42.0,0.0,-464.25,1.0,1.2328808052567266,0.4316697625895901,35.01309783955166,8.0,0.0,-455.405,1.0,2.477979114806917,0.3789900159412814,0.2259589621826258,59.62134955492724,0.0,-464.25,1.0,4.96656022952061e-06,4.673001701455302e-06,0.19561085511150228,0.18404888222757104,94.08929894133908,very high,2.907225496365866e-07,1.839081033423253e-07,0.0074667414288985805,0.004723384051401734,63.25897443188254,very high,0.0,-464.25,1.0,8.0,0.41134058848433686,0.3059711152302805,74.38388619943625,0.26304485567055624,0.14291592365533742,54.33138895304183,0.0,-464.25,1.0,8.845000000000027,0.20307759654040086,0.18410948211897005,90.65967160111764,very high,0.18404888222757104,0.004723384051401734,0.18410948211897005,94.08929894133908,63.25897443188254,90.65967160111764,0.4316697625895901,0.2259589621826258,35.01309783955166,59.62134955492724,0.6394818868709149,0.6743854441548931,0.33770295318448107,0.589047949249966,0.038171406308930976,0.9632320770183376,0.036767922981662454,0.043277847656691806,0.04015388098141634,0.04015388098141634,Lower height group (42–55 cm)
P1_x0_h85,P1,0.0,85.0,0.0,-44.25,44.0,60.15240938324643,2.6718825751131923,4.441854619804077,8.0,0.0,-35.405,44.0,2.477979114806917,4.494994573237803,0.2601225087695815,5.786937103735187,0.0,-44.25,44.0,0.0008524662758913566,4.9074171314870965e-05,33.57487868357565,1.932814698940405,5.756728764848554,moderate,4.460034215079031e-06,6.432532098230556e-07,0.11454881050563274,0.016520924837312163,14.422607065395738,high,0.0,-44.25,44.0,8.0,59.750194020531836,2.5824910779749928,4.322146765059167,5.916503427301136,0.5528246681249386,9.34377330999222,0.0,-44.25,44.0,8.844999999999999,33.68942749408128,1.9328853047704533,5.737364652783227,moderate,1.932814698940405,0.016520924837312163,1.9328853047704533,5.756728764848554,14.422607065395738,5.737364652783227,2.6718825751131923,0.2601225087695815,4.441854619804077,5.786937103735187,0.09902065632235538,65.66669744783297,2.64099891736212,0.010194177882597516,0.003411741605537607,0.9965998587976671,0.003400141202332905,0.0005298111990105728,0.0005262144583623294,0.0005262144583623294,Upper height group (85–113 cm)
P1_x4_h85,P1,4.0,85.0,0.0,-48.25,44.0,59.76703626005971,2.5694308707702103,4.299076935302669,8.0,0.0,-39.405,44.0,2.477979114806917,4.921927730950924,0.2753050223943816,5.593438941883696,0.0,-48.25,44.0,0.0008449094758699585,5.115074556269915e-05,33.27724973199139,2.014601780048531,6.053991229064147,moderate,5.0815057555984095e-06,7.44246880136949e-07,0.1305103081750708,0.019114784939089323,14.646187880767336,high,0.0,-48.25,44.0,8.0,57.851089929075364,2.561226365522025,4.427274176963741,6.451476260309271,0.6215344428048989,9.633987907987803,0.0,-48.25,44.0,8.844999999999999,33.40776004016646,2.0146924597014744,6.030612220870813,moderate,2.014601780048531,0.019114784939089323,2.0146924597014744,6.053991229064147,14.646187880767336,6.030612220870813,2.5694308707702103,0.2753050223943816,4.299076935302669,5.593438941883696,0.11151866400820955,64.30256618938463,2.6355617160366323,0.01182384383837407,0.003921907886804826,0.996093413386047,0.003906586613953078,0.0006215470865017374,0.0006167003171360971,0.0006167003171360971,Upper height group (85–113 cm)
P1_x7_h85,P1,7.0,85.0,0.0,-51.25,44.0,49.34239814389388,2.491327680429085,5.049060795877403,8.0,0.0,-42.405,44.0,2.477979114806917,6.121293931070884,0.3478656259514901,5.682877343722541,0.0,-51.25,44.0,0.0008254569444281719,4.8530882684440755e-05,32.5111004992097,1.9114169611380654,5.879274868546912,moderate,5.419439805654213e-06,7.113008992176493e-07,0.1391896011124137,0.018268620371004237,13.124989384982825,high,0.0,-51.25,44.0,8.0,53.85109837815839,2.471360258925397,4.589247635342128,6.553201691518044,0.599262704274253,9.144578978087797,0.0,-51.25,44.0,8.844999999999999,32.65029010032211,1.9115042615219398,5.854478645208368,moderate,1.9114169611380654,0.018268620371004237,1.9115042615219398,5.879274868546912,13.124989384982825,5.854478645208368,2.491327680429085,0.3478656259514901,5.049060795877403,5.682877343722541,0.12169114259284959,60.40430006967644,2.542978041220548,0.012450884339978457,0.0042812946647498825,0.9957369566798722,0.004263043320127822,0.0006157198654293805,0.00061048137431919,0.00061048137431919,Upper height group (85–113 cm)
P1_x57_h85,P1,57.0,85.0,0.0,-101.25,44.0,22.82178280096714,1.6309157671263077,7.146311843162371,8.0,0.0,-92.405,44.0,2.477979114806917,4.352362256393484,0.4472208902205883,10.27535999705987,0.0,-101.25,44.0,0.000354505633019652,3.2004813853534404e-05,13.962409960245663,1.2605281555557828,9.028012779633382,moderate,3.2414694443838935e-06,5.704733540309977e-07,0.08325193288633768,0.014651691215389378,17.599220471425042,high,0.0,-101.25,44.0,8.0,21.929389588930604,1.5869621670696414,7.236691019756881,3.571701104508706,0.5060984871777939,14.169676363425955,0.0,-101.25,44.0,8.844999999999999,14.045661893132001,1.26061330431038,8.975107858226249,moderate,1.2605281555557828,0.014651691215389378,1.26061330431038,9.028012779633382,17.599220471425042,8.975107858226249,1.6309157671263077,0.4472208902205883,7.146311843162371,10.27535999705987,0.16287280090603204,25.50109069343931,1.6657084374025437,0.025914154143739238,0.005962576168682623,0.9940727654189764,0.00592723458102362,0.0011793812517916361,0.001165441747263584,0.001165441747263584,Upper height group (85–113 cm)
P1_x114_h85,P1,114.0,85.0,0.0,-158.25,44.0,8.886724713651628,0.976089189981496,10.98367758013304,8.0,0.0,-149.405,44.0,2.477979114806917,2.488355635893801,0.3862093663045403,15.520665966455253,0.0,-158.25,44.0,0.00014195229676104503,2.1651587698435286e-05,5.590873536461666,0.8527603388434927,15.252720943911472,high,2.374594703625531e-06,5.165777000402961e-07,0.06098764843858045,0.013267467965445399,21.754352405974178,high,0.0,-158.25,44.0,8.0,9.147096774239646,1.034260220398999,11.306978005433555,2.5011175502040808,0.448176451498944,17.919047885709116,0.0,-158.25,44.0,8.844999999999999,5.6518611849002465,0.8528635419635914,15.089959113683436,high,0.8527603388434927,0.013267467965445399,0.8528635419635914,15.252720943911472,21.754352405974178,15.089959113683436,0.976089189981496,0.3862093663045403,10.98367758013304,15.520665966455253,0.2734329385524607,11.648214324443726,1.1271895737532225,0.057935531404687164,0.010908429253647205,0.9892092805461116,0.010790719453888509,0.0028982309739601286,0.002836020448186615,0.002836020448186615,Upper height group (85–113 cm)
P1_x176_h85,P1,176.0,85.0,0.0,-220.25,44.0,4.194716122775324,0.7205939308898801,17.17861018001662,8.0,0.0,-211.405,44.0,2.477979114806917,1.517618130847488,0.3694282591963901,24.34263611427001,0.0,-220.25,44.0,9.286576015095005e-05,2.0554125485017973e-05,3.657571823197323,0.8095361530693792,22.13315806773989,high,8.61697752503653e-07,3.0922060594435834e-07,0.022131321825054992,0.007941834274499973,35.88504264353961,very high,0.0,-220.25,44.0,8.0,5.127321504057615,0.9028009477071693,17.607652396923392,0.6960673913731944,0.20087771731924134,28.858946677986438,0.0,-220.25,44.0,8.844999999999999,3.679703145022378,0.8095751082253042,22.001098358176957,high,0.8095361530693792,0.007941834274499973,0.8095751082253042,22.13315806773989,35.88504264353961,22.001098358176957,0.7205939308898801,0.3694282591963901,17.17861018001662,24.34263611427001,0.13575653307918112,5.82338889543081,0.9248791318309394,0.04589430715566303,0.006050823577733206,0.9939855686850738,0.006014431314926193,0.00255113297238248,0.002520538027419956,0.002520538027419956,Upper height group (85–113 cm)
P1_x199_h85,P1,199.0,85.0,0.0,-243.25,44.0,5.361365702275523,0.8357424634493841,15.58823833066769,8.0,0.0,-234.405,44.0,2.477979114806917,0.6746993437369094,0.2305694483222472,34.17365830611433,0.0,-243.25,44.0,0.00011029490039406037,2.1566162483116527e-05,4.344028620106476,0.8493958171938278,19.553181884262273,high,9.656503100373494e-07,3.771240907067647e-07,0.024801176189455258,0.009685826143984584,39.05389837157287,very high,0.0,-243.25,44.0,8.0,5.84579924621834,0.8724747058795634,14.924814711075976,0.9438035872056539,0.2960111834490739,31.36364254828514,0.0,-243.25,44.0,8.844999999999999,4.368829796295931,0.8494510400808644,19.443445491995657,high,0.8493958171938278,0.009685826143984584,0.8494510400808644,19.553181884262273,39.05389837157287,19.443445491995657,0.8357424634493841,0.2305694483222472,15.58823833066769,34.17365830611433,0.1614498800683589,6.789602833423994,0.921322274302837,0.056077476376364864,0.005709257087916552,0.9943231534882676,0.005676846511732429,0.0024935365136966674,0.0024653060237470503,0.0024653060237470503,Upper height group (85–113 cm)
P1_x320_h85,P1,320.0,85.0,0.0,-364.25,44.0,1.535105740910236,0.43583847777876,28.391430385787693,8.0,0.0,-355.405,44.0,2.477979114806917,0.5445749701766182,0.2615955268814333,48.03664163936728,0.0,-364.25,44.0,4.388935702039772e-05,1.4334506893351605e-05,1.7286077808992346,0.5645728676244971,32.66055341546606,very high,3.5990871689220124e-07,2.2911880940728735e-07,0.009243676936653195,0.00588454837259729,63.66025568530821,very high,0.0,-364.25,44.0,8.0,2.5505437507773854,0.6159926497064306,24.15142455481036,0.4932102122869795,0.2237035602797509,45.35663591442155,0.0,-364.25,44.0,8.845000000000027,1.737851457835888,0.5646035341434708,32.48859570809121,very high,0.5645728676244971,0.00588454837259729,0.5646035341434708,32.66055341546606,63.66025568530821,32.48859570809121,0.43583847777876,0.2615955268814333,28.391430385787693,48.03664163936728,0.1933745351894681,3.043753963064365,0.6553550391766172,0.09936733955859407,0.005347469240156125,0.9946809740872996,0.005319025912700366,0.0038260908496597105,0.003785496944814922,0.003785496944814922,Upper height group (85–113 cm)
P1_x420_h85,P1,420.0,85.0,0.0,-464.25,44.0,1.6282000772731464,0.4961003816526273,30.469251818454595,8.0,0.0,-455.405,44.0,2.477979114806917,0.6039200678260572,0.2687447872648238,44.50005912739904,0.0,-464.25,44.0,2.7875988271891883e-05,9.474406243862507e-06,1.0979119654146041,0.3731549848162393,33.98769633367871,very high,3.8571945913643947e-07,2.2896581350067988e-07,0.009906584367351591,0.005880618918635958,59.36071102383467,very high,0.0,-464.25,44.0,8.0,1.8085098296080564,0.47328176117994597,26.16970908488324,0.3827936401264134,0.1910419222871275,49.90728744188068,0.0,-464.25,44.0,8.845000000000027,1.1078185497819557,0.3732013188241355,33.68794636067343,very high,0.3731549848162393,0.005880618918635958,0.3732013188241355,33.98769633367871,59.36071102383467,33.68794636067343,0.4961003816526273,0.2687447872648238,30.469251818454595,44.50005912739904,0.21166246036349892,2.19130346973447,0.5103847975172774,0.11927683927234163,0.009023113582344984,0.9910575749347207,0.00894242506527936,0.006172005923649884,0.006062114079288631,0.006062114079288631,Upper height group (85–113 cm)
P2_x2_h55,P2,2.0,55.0,51.51561146012848,-42.51561146012848,14.0,32.17244246034068,2.0103891769400395,6.248792516820158,8.0,45.261251980533466,-36.261251980533466,14.0,2.477979114806917,0.5123173742452237,0.0404832540300775,7.901987335432435,51.51561146012848,-42.51561146012848,14.0,0.000372063093489557,2.898050407546826e-05,14.653920723709417,1.1414139609280256,7.789136999228245,moderate,6.852790655836837e-07,9.504597925456382e-08,0.017600291397233483,0.0024411032162362923,13.869675002199106,high,51.51561146012848,-42.51561146012848,14.0,8.0,28.833203720432355,1.9299795088331047,6.693600640241876,1.3393645658646878,0.19922340481458628,14.874471812382804,51.51561146012848,-42.51561146012848,14.0,8.845000000000006,14.67152101510665,1.1414165712772515,7.779810764691559,moderate,1.1414139609280256,0.0024411032162362923,1.1414165712772515,7.789136999228245,13.869675002199106,7.779810764691559,2.0103891769400395,0.0404832540300775,6.248792516820158,7.901987335432435,0.04645215907504447,30.172568286297043,1.9402347459886364,0.007576889702145644,0.0012010636422208128,0.9988003771811313,0.0011996228188686912,0.00019105541751218838,0.00019059730358203457,0.00019059730358203457,Lower height group (42–55 cm)
P2_x57_h55,P2,57.0,55.0,90.40648442538858,-81.40648442538858,14.0,12.676729594710178,1.2331858154726612,9.72794920219212,8.0,84.15212494579359,-75.15212494579359,14.0,2.477979114806917,0.6670419155306945,0.1315536808093386,19.72195116174601,90.40648442538858,-81.40648442538858,14.0,0.00020502061376364948,2.5916064268717464e-05,8.07485577954292,1.0207192218461822,12.640711484062697,high,2.854457645201035e-07,8.233101553720975e-08,0.00733121568419838,0.0021145398090496553,28.84296275182997,very high,90.40648442538858,-81.40648442538858,14.0,8.0,13.737274653841734,1.3240066622299198,9.638059189998442,0.6118488746703744,0.14407215137185753,23.547015829599182,90.40648442538858,-81.40648442538858,14.0,8.844999999999976,8.082186995227119,1.0207214121026755,12.629272407399824,high,1.0207192218461822,0.0021145398090496553,1.0207214121026755,12.640711484062697,28.84296275182997,12.629272407399824,1.2331858154726612,0.1315536808093386,9.72794920219212,19.72195116174601,0.04453932021365433,14.349123528512107,1.3318222202794667,0.011332208304823467,0.0009079067025285454,0.9990929168443482,0.0009070831556517784,0.000285911927781018,0.0002853934712419295,0.0002853934712419295,Lower height group (42–55 cm)
P2_x114_h55,P2,114.0,55.0,130.7115709530218,-121.7115709530218,14.0,5.020737186306439,0.7569784087540853,15.0770371095836,8.0,124.4572114734268,-115.4572114734268,14.0,2.477979114806917,0.302379081473101,0.1008254648831757,33.34406083647851,130.7115709530218,-121.7115709530218,14.0,0.00011054647360478554,1.9167430308004467e-05,4.353936976916607,0.754920359276662,17.338798500737262,high,1.353832575741326e-07,3.816708028700248e-08,0.003477101378519309,0.0009802601138277696,28.19187613808385,very high,130.7115709530218,-121.7115709530218,14.0,8.0,6.779762167227062,0.8665791468115822,12.781851714512502,0.29058378808755925,0.058837282823377794,20.24795781299707,130.7115709530218,-121.7115709530218,14.0,8.844999999999995,4.357414078295126,0.7549209957076933,17.324977203063114,high,0.754920359276662,0.0009802601138277696,0.7549209957076933,17.338798500737262,28.19187613808385,17.324977203063114,0.7569784087540853,0.1008254648831757,15.0770371095836,33.34406083647851,0.0428604692790291,7.070345955314622,0.8685742590813569,0.010262872279781694,0.0007986108657415019,0.9992020264046424,0.0007979735953576744,0.00026431676963991247,0.00026389510234078433,0.00026389510234078433,Lower height group (42–55 cm)
P2_x176_h55,P2,176.0,55.0,174.55219138658774,-165.55219138658774,14.0,2.86242397105707,0.655896117981167,22.91401010518193,8.0,168.29783190699274,-159.29783190699274,14.0,2.477979114806917,0.2163356174745929,0.1313207561206874,60.70232800944586,174.55219138658774,-165.55219138658774,14.0,4.8823182123617785e-05,1.1738893966652205e-05,1.922929344075894,0.4623431471205043,24.043688788923934,high,1.1993307402236286e-07,6.513116628970743e-08,0.003080288246017913,0.001672789325271656,54.30625940394307,very high,174.55219138658774,-165.55219138658774,14.0,8.0,3.5366849170781567,0.6458018174137418,18.26008911043376,0.26181232120021813,0.12417719887449413,47.429852921066676,174.55219138658774,-165.55219138658774,14.0,8.844999999999976,1.926009632321912,0.4623461732440521,24.005392573591024,high,0.4623431471205043,0.001672789325271656,0.4623461732440521,24.043688788923934,54.30625940394307,24.005392573591024,0.655896117981167,0.1313207561206874,22.91401010518193,60.70232800944586,0.0740276070214689,3.798497238278375,0.6576320887055371,0.03762337461001401,0.0016018728173802003,0.9984006890753165,0.0015993109246834108,0.0009513653046027532,0.0009483246801505533,0.0009483246801505533,Lower height group (42–55 cm)
P2_x199_h55,P2,199.0,55.0,190.81564735387835,-181.81564735387835,14.0,3.137894822953445,0.6574581390583636,20.95220446042713,8.0,184.56128787428327,-175.56128787428332,14.0,2.477979114806917,0.2541105319439685,0.1011234678549481,39.79507149166327,190.81564735387835,-181.81564735387835,14.0,5.297205976671717e-05,1.3741907871483604e-05,2.0863352962872095,0.5412330114566745,25.941803909459775,very high,4.07654523114556e-08,9.96525617727369e-09,0.001046995123089788,0.0002559415884369808,24.445346763571493,high,190.81564735387835,-181.81564735387835,14.0,8.0,2.501531879883133,0.5229328684193761,20.904505460222502,0.1093246757984104,0.02272150095252182,20.78350636449104,190.81564735387835,-181.81564735387835,14.0,8.845000000000056,2.0873822914102993,0.5412330719722858,25.928794845079008,very high,0.5412330114566745,0.0002559415884369808,0.5412330719722858,25.941803909459775,24.445346763571493,25.928794845079008,0.6574581390583636,0.1011234678549481,20.95220446042713,39.79507149166327,0.04370309116488967,2.6108565556815435,0.5234262617397526,0.012882797223514271,0.0005018345445015451,0.999498417167091,0.0005015828329090623,0.0001788779479765329,0.00017869854876381987,0.00017869854876381987,Lower height group (42–55 cm)
P2_x321_h55,P2,321.0,55.0,277.0826746586372,-268.0826746586372,14.0,2.257882731815285,0.5493936283937492,24.33224811246284,8.0,270.82831517904214,-261.82831517904214,14.0,2.477979114806917,0.1609868843573262,0.0946868905894937,58.816524692363686,277.0826746586372,-268.0826746586372,14.0,1.9269622592287263e-05,9.137891954589541e-06,0.7589452616619261,0.3599011743639542,47.421229506835374,very high,2.636815715332634e-08,1.1320820481806318e-08,0.0006772237367433741,0.00029075707889288896,42.933681015240005,very high,277.0826746586372,-268.0826746586372,14.0,8.0,1.5603041383475298,0.4834089661839484,30.981714032746975,0.04564856317336966,0.016630508271339745,36.4316138674034,277.0826746586372,-268.0826746586372,14.0,8.845000000000056,0.7596224853986695,0.35990129181239716,47.37896767543837,very high,0.3599011743639542,0.00029075707889288896,0.35990129181239716,47.421229506835374,42.933681015240005,47.37896767543837,0.5493936283937492,0.0946868905894937,24.33224811246284,58.816524692363686,0.029256195668182137,1.6059527015208994,0.4836949476606065,0.013991465022991867,0.0008923222410802071,0.9991084732880334,0.0008915267119666022,0.0005708124748631545,0.0005697951394185277,0.0005697951394185277,Lower height group (42–55 cm)
P2_x420_h55,P2,420.0,55.0,347.0862459961053,-338.0862459961053,14.0,0.7179736527196391,0.2887224734309316,40.21351930356623,8.0,340.83188651651034,-331.83188651651034,14.0,2.477979114806917,0.0513558442770056,0.02147143280538,41.80913215946061,347.0862459961053,-338.0862459961053,14.0,8.467689554881697e-06,3.964908542498368e-06,0.3335048641520298,0.15616022248699632,46.82397148360929,very high,7.650694666964498e-09,5.186108588236451e-09,0.0001964957960814751,0.00013319686381038336,67.78611373199789,very high,347.0862459961053,-338.0862459961053,14.0,8.0,0.5289106604197644,0.2527508978527011,47.78706816990756,0.013980147556032694,0.005847043672504141,41.823905284755256,347.0862459961053,-338.0862459961053,14.0,8.844999999999896,0.3337013599481113,0.15616027929211934,46.79641680705209,very high,0.15616022248699632,0.00013319686381038336,0.15616027929211934,46.82397148360929,67.78611373199789,46.79641680705209,0.2887224734309316,0.02147143280538,40.21351930356623,41.80913215946061,0.026431964038950352,0.5428908079757971,0.252818520454999,0.016785531174789824,0.0005891841985006299,0.9994111627351112,0.0005888372648886691,0.00048540488343675847,0.00048483340277301275,0.00048483340277301275,Lower height group (42–55 cm)
P2_x0_h85,P2,0.0,85.0,50.10139789775538,-41.10139789775538,44.0,19.18891525812229,1.3601790374562917,7.088358144062128,8.0,43.84703841816037,-34.84703841816037,44.0,2.477979114806917,0.707977354150737,0.0485441412404861,6.8567364416221785,50.10139789775538,-41.10139789775538,44.0,0.00021137502734700265,2.6090753277473122e-05,8.32512804391287,1.0275994497709675,12.343347085482044,high,6.040213511177419e-07,6.412049962108259e-08,0.015513317601155766,0.0016468319762636024,10.615601501905118,high,50.10139789775538,-41.10139789775538,44.0,8.0,15.46534892298021,1.3988909204329432,9.04532401693381,0.8058215971307323,0.08277565652539812,10.272206257580487,50.10139789775538,-41.10139789775538,44.0,8.844999999999995,8.340641361514026,1.0276007693774627,12.320404688769985,high,1.0275994497709675,0.0016468319762636024,1.0276007693774627,12.343347085482044,10.615601501905118,12.320404688769985,1.3601790374562917,0.0485441412404861,7.088358144062128,6.8567364416221785,0.052104973586037176,16.271170520110942,1.401337795316653,0.007131648448769324,0.00186343291290261,0.9981400330108019,0.001859966989198026,0.0003033730662426629,0.00030224558797762257,0.00030224558797762257,Upper height group (85–113 cm)
P2_x5_h85,P2,5.0,85.0,53.63693180368812,-44.63693180368812,44.0,15.307357695574773,1.294285383974333,8.45531547452177,8.0,47.38257232409311,-38.38257232409311,44.0,2.477979114806917,0.9392910406570064,0.0801387138122703,8.531829895472615,53.63693180368812,-44.63693180368812,44.0,0.0002850058490301926,3.010044606360128e-05,11.225120659808633,1.185523525666984,10.561343272787546,high,4.656974225685412e-07,5.9316766206854934e-08,0.01196068981498164,0.0015234558042321084,12.737190143697802,high,53.63693180368812,-44.63693180368812,44.0,8.0,19.96004939213381,1.6500730471589722,8.266878577010237,0.7723085178540599,0.10838278085177563,14.033612001707368,53.63693180368812,-44.63693180368812,44.0,8.844999999999995,11.237081349623615,1.185524504524248,10.550110545955574,high,1.185523525666984,0.0015234558042321084,1.185524504524248,10.561343272787546,12.737190143697802,10.550110545955574,1.294285383974333,0.0801387138122703,8.45531547452177,8.531829895472615,0.03869271576845015,20.732357909987872,1.6536287032298573,0.006302086663772628,0.0010655288417350114,0.9989356053015152,0.001064394698484786,0.00017630493570679952,0.0001759298193712552,0.0001759298193712552,Upper height group (85–113 cm)
P2_x30_h85,P2,30.0,85.0,71.3146013333518,-62.3146013333518,44.0,14.172937634268791,1.2647131949960295,8.923437240971662,8.0,65.06024185375679,-56.0602418537568,44.0,2.477979114806917,0.6492547971901301,0.0791269976770399,12.187356646341126,71.3146013333518,-62.3146013333518,44.0,0.00021592655700896122,2.6299806813006575e-05,8.504392679414336,1.0358331445134006,12.179977848632625,high,5.58704421216587e-07,1.1815695951681304e-07,0.014349425091453918,0.0030346715995705205,21.14838455359357,high,71.3146013333518,-62.3146013333518,44.0,8.0,13.817700820843054,1.2037544711434758,8.711684286344473,0.8469479130276869,0.15205128484157612,17.952849579382047,71.3146013333518,-62.3146013333518,44.0,8.84499999999999,8.51874210450579,1.0358375898297167,12.159513424896788,high,1.0358331445134006,0.0030346715995705205,1.0358375898297167,12.179977848632625,21.14838455359357,12.159513424896788,1.2647131949960295,0.0791269976770399,8.923437240971662,12.187356646341126,0.06129441677808829,14.664648733870742,1.2133195869266609,0.012231242908151757,0.0016872956873437912,0.9983155464838095,0.001684453516190392,0.00041178520546564224,0.00041039910778372724,0.00041039910778372724,Upper height group (85–113 cm)
P2_x57_h85,P2,57.0,85.0,90.40648442538858,-81.40648442538858,44.0,12.360497962391134,1.250252176917862,10.11490136337518,8.0,84.15212494579359,-75.15212494579359,44.0,2.477979114806917,0.3822237946649014,0.0721840753445574,18.88529085632718,90.40648442538858,-81.40648442538858,44.0,0.00015652954602994877,2.072795981456731e-05,6.165006953331356,0.8163827189579324,13.242202728040517,high,2.445627258541999e-07,5.806372068249265e-08,0.006281200544583119,0.0014912733438734351,23.741852107548183,high,90.40648442538858,-81.40648442538858,44.0,8.0,11.072489120661187,1.101465887550374,9.947771233254556,0.4918836169189456,0.08809116267133112,17.90894423829674,90.40648442538858,-81.40648442538858,44.0,8.844999999999976,6.171288153875939,0.8163840809994598,13.228746748549112,high,0.8163827189579324,0.0014912733438734351,0.8163840809994598,13.242202728040517,23.741852107548183,13.228746748549112,1.250252176917862,0.0721840753445574,10.11490136337518,18.88529085632718,0.04442394221919751,11.564372737580133,1.1049828751514297,0.009100821517007886,0.0010188472765937395,0.9989821897166415,0.0010178102833584505,0.000276974990649287,0.00027641146159071,0.00027641146159071,Upper height group (85–113 cm)
P2_x114_h85,P2,114.0,85.0,130.7115709530218,-121.7115709530218,44.0,4.677969956493038,0.7299033868586466,15.602994325466716,8.0,124.4572114734268,-115.4572114734268,44.0,2.477979114806917,0.2139681325538592,0.0668978442266983,31.2653306958498,130.7115709530218,-121.7115709530218,44.0,8.034794657446473e-05,1.5657499223873747e-05,3.1645504754910427,0.6166796878622083,19.487118080065326,high,1.7281331259959635e-07,8.955016154846824e-08,0.0044384321830748695,0.0022999519715080304,51.8190179919492,very high,130.7115709530218,-121.7115709530218,44.0,8.0,5.8225893974698195,0.8217050604465429,14.112364866456343,0.37527895640837117,0.15378333912086492,40.97840726073671,130.7115709530218,-121.7115709530218,44.0,8.844999999999995,3.168988907674118,0.6166839767667893,19.45996009242598,high,0.6166796878622083,0.0022999519715080304,0.6166839767667893,19.487118080065326,51.8190179919492,19.45996009242598,0.7299033868586466,0.0668978442266983,15.602994325466716,31.2653306958498,0.06445224466136097,6.1978683538781905,0.8359716034379515,0.02793384898317024,0.0014025474447160332,0.9985994169394765,0.0014005830605233833,0.0007764792477160543,0.0007743057235209018,0.0007743057235209018,Upper height group (85–113 cm)
P2_x156_h85,P2,156.0,85.0,160.4100557628568,-151.4100557628568,44.0,4.06058933712378,0.7106839420190655,17.50199005650892,8.0,154.1556962832618,-145.1556962832618,44.0,2.477979114806917,0.2360432686046937,0.0903679892406634,38.28450172498014,160.4100557628568,-151.4100557628568,44.0,4.5488403663248954e-05,1.1108958226285975e-05,1.79158716033213,0.43753276264033275,24.42151698381348,high,1.1971448183241642e-07,4.0509832891330735e-08,0.0030746740569474506,0.001040429949123533,33.8387071232024,very high,160.4100557628568,-151.4100557628568,44.0,8.0,2.987303136173392,0.5699481915281713,19.0790209613026,0.29914450193179376,0.1304670266115572,43.61337940996297,160.4100557628568,-151.4100557628568,44.0,8.845000000000017,1.7946618343890774,0.4375339996824941,24.37974616156227,high,0.43753276264033275,0.001040429949123533,0.4375339996824941,24.42151698381348,33.8387071232024,24.37974616156227,0.7106839420190655,0.0903679892406634,17.50199005650892,38.28450172498014,0.10013864957641531,3.2864476381051855,0.5846901624442589,0.047669951084691874,0.001716173304332823,0.9982867669005765,0.0017132330994234929,0.0007161746840514617,0.0007137228377968558,0.0007137228377968558,Upper height group (85–113 cm)
P2_x176_h85,P2,176.0,85.0,174.55219138658774,-165.55219138658774,44.0,3.549220420852104,0.6172963927187731,17.39245015869066,8.0,168.29783190699274,-159.29783190699274,44.0,2.477979114806917,0.084286144041748,0.0462090248816095,54.82398727212106,174.55219138658774,-165.55219138658774,44.0,4.116715238017934e-05,1.0884067250788235e-05,1.6213921723384952,0.42867530113961533,26.438717816266944,very high,2.1699869369611796e-07,1.0525644444857481e-07,0.005573262680390894,0.00270334260416045,48.50556593486896,very high,174.55219138658774,-165.55219138658774,44.0,8.0,2.831398987181942,0.5916063033664691,20.894487355711316,0.3046898175875361,0.12597643924643434,41.34579889931564,174.55219138658774,-165.55219138658774,44.0,8.844999999999976,1.626965435018886,0.428683825060353,26.348674399181494,very high,0.42867530113961533,0.00270334260416045,0.428683825060353,26.438717816266944,48.50556593486896,26.348674399181494,0.6172963927187731,0.0462090248816095,17.39245015869066,54.82398727212106,0.10761104986153515,3.136088804769478,0.6048703013276063,0.04985138870723187,0.0034373316804365167,0.9965744430948368,0.003425556905163261,0.0018988872176387386,0.0018859000075760533,0.0018859000075760533,Upper height group (85–113 cm)
P2_x199_h85,P2,199.0,85.0,190.81564735387835,-181.81564735387835,44.0,2.7139565693269865,0.5534111403330314,20.39130421568491,8.0,184.56128787428327,-175.56128787428332,44.0,2.477979114806917,0.1113913339864045,0.0450600894674494,40.45206018714984,190.81564735387835,-181.81564735387835,44.0,5.613463143693409e-05,1.3818825025903725e-05,2.210895015725517,0.5442624381933991,24.617290026084593,high,7.825888650588731e-08,3.4912545058930346e-08,0.002009953719735277,0.0008966726072871421,44.6116046594963,very high,190.81564735387835,-181.81564735387835,44.0,8.0,3.233317949474726,0.682113228021803,21.096385777112232,0.14208994120239873,0.044064715620200805,31.0118473181949,190.81564735387835,-181.81564735387835,44.0,8.845000000000056,2.2129049694452525,0.5442631768271562,24.594963829992036,high,0.5442624381933991,0.0008966726072871421,0.5442631768271562,24.617290026084593,44.6116046594963,24.594963829992036,0.5534111403330314,0.0450600894674494,20.39130421568491,40.45206018714984,0.043945551728212254,3.3754078906771245,0.6835350429970751,0.016482758368673973,0.0009091131444229611,0.9990917125915989,0.0009082874084010698,0.00046322024468971535,0.0004623791526088034,0.0004623791526088034,Upper height group (85–113 cm)
P2_x300_h85,P2,300.0,85.0,262.2334322537196,-253.23343225371963,44.0,1.1358975895446342,0.4028250325041152,35.46314704881118,8.0,255.97907277412463,-246.97907277412463,44.0,2.477979114806917,0.1018223020060348,0.0714800062204887,70.20073678579003,262.2334322537196,-253.23343225371963,44.0,1.9470276648388973e-05,8.272915694533977e-06,0.766848138035467,0.3258335826986156,42.48997507294537,very high,1.4373511923403929e-08,5.922106363080471e-09,0.00036916055218766397,0.00015209978373824788,41.20152677118314,very high,262.2334322537196,-253.23343225371963,44.0,8.0,1.6443236168900415,0.4644919512394066,28.248207741363842,0.030680730208842297,0.009508596536956791,30.992080280463398,262.2334322537196,-253.23343225371963,44.0,8.844999999999976,0.7672172985876546,0.325833618198859,42.469534876061246,very high,0.3258335826986156,0.00015209978373824788,0.325833618198859,42.48997507294537,41.20152677118314,42.469534876061246,0.4028250325041152,0.0714800062204887,35.46314704881118,70.20073678579003,0.018658571763914503,1.6750043470988838,0.4645892660988778,0.007824307563492701,0.0004813998155272174,0.9995188318187466,0.0004811681812535244,0.000284920530006276,0.0002846464065854304,0.0002846464065854304,Upper height group (85–113 cm)
P2_x321_h85,P2,321.0,85.0,277.0826746586372,-268.0826746586372,44.0,0.6272097633449903,0.2485082227339091,39.62122997074899,8.0,270.82831517904214,-261.82831517904214,44.0,2.477979114806917,0.0576143745969266,0.0243377415287403,42.24248149703706,277.0826746586372,-268.0826746586372,44.0,1.9449125076657022e-05,8.35918882158292e-06,0.7660150711154594,0.32923149984353994,42.97976792599108,very high,1.98968113326949e-08,8.68032728794464e-09,0.0005110176202930335,0.00022294025509309335,43.62672562352203,very high,277.0826746586372,-268.0826746586372,44.0,8.0,1.469924142939822,0.4058679273071719,27.611487929944694,0.0496544225889417,0.018111622507859446,36.475346129375794,277.0826746586372,-268.0826746586372,44.0,8.845000000000056,0.7665260887357525,0.3292315753259158,42.951124581933584,very high,0.32923149984353994,0.00022294025509309335,0.3292315753259158,42.97976792599108,43.62672562352203,42.951124581933584,0.2485082227339091,0.0243377415287403,39.62122997074899,42.24248149703706,0.03378026194578568,1.5195785655287637,0.40627183668879513,0.015453667366335641,0.0006671117051899482,0.9993333330361451,0.000666666963854897,0.00040855086618506355,0.0004080063130323084,0.0004080063130323084,Upper height group (85–113 cm)
P3_x0_h45,P3,0.0,45.0,53.25,0.0,4.0,103.1543213109288,3.397239628812288,3.2933565803533265,8.0,44.405,0.0,4.0,2.477979114806917,3.585230608800943,0.2011752470697302,5.611221955315504,53.25,0.0,4.0,0.0014733890604567688,6.136799177932263e-05,58.0302826722592,2.4170139480192385,4.165090771089192,low,1.6006085686604525e-06,1.722013298118881e-07,0.04110905853710571,0.00442271438877076,10.758491062933842,high,53.25,0.0,4.0,8.0,100.26837729685688,3.3915851601705445,3.3825072785703303,2.16789346467931,0.1365068435176583,6.296750543406032,53.25,0.0,4.0,8.844999999999999,58.0713917307963,2.417017994414214,4.162149248323295,low,2.4170139480192385,0.00442271438877076,2.417017994414214,4.165090771089192,10.758491062933842,4.162149248323295,3.397239628812288,0.2011752470697302,3.2933565803533265,5.611221955315504,0.021620909035567556,102.43627076153619,3.394331159008533,0.001545409929620551,0.0007084070013802895,0.9992920944838437,0.0007079055161563287,8.172607337795083e-05,8.161040565703985e-05,8.161040565703985e-05,Lower height group (42–55 cm)
P3_x5_h45,P3,5.0,45.0,58.25,0.0,4.0,89.50001924236973,3.4260560181931234,3.8279947280404745,8.0,49.405,0.0,4.0,2.477979114806917,2.828976090940188,0.1838976058074366,6.500500530788144,58.25,0.0,4.0,0.0012996305279624506,6.540168414952777e-05,51.186702094678225,2.5758832614532423,5.032329015236658,moderate,1.4184496153412703e-06,1.6118925552128308e-07,0.03643059859275893,0.0041398869595721905,11.363763208642553,high,58.25,0.0,4.0,8.0,87.29276538697543,3.092932682758187,3.5431718413856896,1.7788627199425635,0.12125646654358323,6.816516259753782,58.25,0.0,4.0,8.844999999999999,51.22313269327098,2.5758865882058997,5.028756448049663,moderate,2.5758832614532423,0.0041398869595721905,2.5758865882058997,5.032329015236658,11.363763208642553,5.028756448049663,3.4260560181931234,0.1838976058074366,3.8279947280404745,6.500500530788144,0.020378123113143805,89.071628106918,3.095308661628496,0.0015655248299186709,0.000711719980032598,0.9992887862050354,0.0007112137949646469,8.845378050456816e-05,8.832800614888395e-05,8.832800614888395e-05,Lower height group (42–55 cm)
P3_x57_h45,P3,57.0,45.0,110.25,0.0,4.0,19.71959594629013,1.6796765385436103,8.517804031677484,8.0,101.405,0.0,4.0,2.477979114806917,0.5306172840936959,0.1202342872191979,22.659323550788645,110.25,0.0,4.0,0.00026492980549735297,2.9481677018715806e-05,10.434414041700517,1.1611529479647063,11.128108807300796,high,2.629360748212701e-07,5.8521549886519993e-08,0.006753090482572192,0.0015030319511412371,22.256949688740814,high,110.25,0.0,4.0,8.0,17.40668554718224,1.5674513080649306,9.004880933916029,0.40774808967457593,0.07477372427689194,18.338215719555894,110.25,0.0,4.0,8.844999999999999,10.44116713218309,1.1611539207496024,11.12092073663438,high,1.1611529479647063,0.0015030319511412371,1.1611539207496024,11.128108807300796,22.256949688740814,11.12092073663438,1.6796765385436103,0.1202342872191979,8.517804031677484,22.659323550788645,0.023424797820891376,17.814433636856815,1.569233798067292,0.004785646846093889,0.0006471940307892581,0.9993532245584158,0.0006467754415842037,0.00016104687301009586,0.00016083861805416395,0.00016083861805416395,Lower height group (42–55 cm)
P3_x114_h45,P3,114.0,45.0,167.25,0.0,4.0,7.366787062220275,1.0015034829391525,13.594847719642235,8.0,158.405,0.0,4.0,2.477979114806917,0.2143766997737899,0.0548787118276061,25.59919612789735,167.25,0.0,4.0,9.522354677402007e-05,1.4672413827397601e-05,3.75043461679999,0.5778815281988648,15.408388286793674,high,9.593462891497671e-08,2.692733783869444e-08,0.002463926754498034,0.0006915853939140928,28.068423407942856,very high,167.25,0.0,4.0,8.0,6.303312728787816,0.7698995604160809,12.214205347925668,0.14090227173701428,0.029537942933587347,20.963425620786417,167.25,0.0,4.0,8.844999999999999,3.752898543554488,0.5778819420295226,15.398283095662705,high,0.5778815281988648,0.0006915853939140928,0.5778819420295226,15.408388286793674,28.068423407942856,15.398283095662705,1.0015034829391525,0.0548787118276061,13.594847719642235,25.59919612789735,0.022353685720446725,6.44421500052483,0.770465977965038,0.005423485236434548,0.000656970993031295,0.9993434603344847,0.000656539665515277,0.0002103594879875558,0.00021008335996605822,0.00021008335996605822,Lower height group (42–55 cm)
P3_x176_h45,P3,176.0,45.0,229.25,0.0,4.0,3.821000679181754,0.7645726538544795,20.009749226692325,8.0,220.405,0.0,4.0,2.477979114806917,0.1052193071303357,0.0303473132854502,28.841962671222344,229.25,0.0,4.0,6.857798596434607e-05,1.6337298066339256e-05,2.7009837505997916,0.6434539595378229,23.822948190448567,high,7.020165610705794e-08,1.6209684941797477e-08,0.001803016706777995,0.00041631970500949746,23.090174563798914,high,229.25,0.0,4.0,8.0,4.428543306599118,0.7768557728555078,17.542015942305216,0.09406334940430446,0.02034617265150347,21.63028722701682,229.25,0.0,4.0,8.844999999999999,2.7027867673065695,0.6434540942188487,23.807060993571287,high,0.6434539595378229,0.00041631970500949746,0.6434540942188487,23.822948190448567,23.090174563798914,23.807060993571287,0.7645726538544795,0.0303473132854502,20.009749226692325,28.841962671222344,0.02124024603398087,4.522606656003423,0.7771221645021412,0.0059152908736639885,0.0006675407456181881,0.999332904567764,0.0006670954322359549,0.00022146754779166504,0.0002211721663692966,0.0002211721663692966,Lower height group (42–55 cm)
P3_x199_h45,P3,199.0,45.0,252.25,0.0,4.0,3.079347525558637,0.6293619559040283,20.4381594048841,8.0,243.405,0.0,4.0,2.477979114806917,0.0932823974288356,0.0559328092947328,59.96073303905326,252.25,0.0,4.0,3.754759757608182e-05,1.0500875834557407e-05,1.4788339071343297,0.413583084970612,27.96683812667302,very high,1.5828672415813206e-08,7.940532503578328e-09,0.0004065340106550268,0.0002039398150783231,50.165499007014354,very high,252.25,0.0,4.0,8.0,2.3466590806360337,0.5235553847996243,22.3106709074128,0.027955923115933555,0.00961154786374497,34.38107847086917,252.25,0.0,4.0,8.844999999999999,1.4792404411449847,0.4135831352524625,27.959155506344487,very high,0.413583084970612,0.0002039398150783231,0.4135831352524625,27.96683812667302,50.165499007014354,27.959155506344487,0.6293619559040283,0.0559328092947328,20.4381594048841,59.96073303905326,0.011913073929919313,2.374615003751967,0.5236436028493232,0.004882652365262962,0.00027490173757430575,0.9997251738126222,0.0002748261873778647,0.00015788842734306463,0.00015780165551925252,0.00015780165551925252,Lower height group (42–55 cm)
P3_x225_h45,P3,225.0,45.0,278.25,0.0,4.0,1.8433993832873188,0.4679328394763251,25.38423543583184,8.0,269.405,0.0,4.0,2.477979114806917,0.108116893866989,0.0568809587048862,52.61061122868003,278.25,0.0,4.0,1.6241104567084652e-05,5.543458863067213e-06,0.6396653227800286,0.21833234237948226,34.13227739634144,very high,1.9882400851727856e-08,7.284746865601813e-09,0.0005106475102503778,0.00018709701496640596,36.63917109370995,very high,278.25,0.0,4.0,8.0,1.676448433231045,0.46231081410050917,27.576798960018735,0.03645216868063083,0.01035792368701165,28.41510961325991,278.25,0.0,4.0,8.845000000000027,0.6401759702902791,0.21833242254462457,34.10506371328257,very high,0.21833234237948226,0.00018709701496640596,0.21833242254462457,34.13227739634144,36.63917109370995,34.10506371328257,0.4679328394763251,0.0568809587048862,25.38423543583184,52.61061122868003,0.021743686210721078,1.7129006019116757,0.4624268325015121,0.008609781221243337,0.0007983041944982562,0.9992023325867435,0.0007976674132564389,0.00039974569148050997,0.00039910821760465377,0.00039910821760465377,Lower height group (42–55 cm)
P3_x300_h45,P3,300.0,45.0,353.25,0.0,4.0,0.8170829818587718,0.3295526790811742,40.3328286597622,8.0,344.405,0.0,4.0,2.477979114806917,0.0489094229806088,0.0170855952309302,34.93313596789767,353.25,0.0,4.0,9.691547544626063e-06,4.668041785689883e-06,0.3817072208829473,0.18385353306853178,48.166113452936614,very high,5.849981180038925e-09,2.871488960880943e-09,0.00015024736433371115,7.374957881195064e-05,49.085439294726704,very high,353.25,0.0,4.0,8.0,0.7308364288190238,0.30548379603060966,41.799202117531046,0.011302791782175902,0.0048609498815777455,43.006630355194986,353.25,0.0,4.0,8.845000000000027,0.381857468247281,0.18385354786019792,48.14716566997693,very high,0.18385353306853178,7.374957881195064e-05,0.18385354786019792,48.166113452936614,49.085439294726704,48.14716566997693,0.3295526790811742,0.0170855952309302,40.3328286597622,34.93313596789767,0.015465556089534776,0.7421392206011996,0.30552246802980354,0.009275135806149028,0.0003936193923346956,0.9996065354829294,0.000393464517070581,0.0002706932562506202,0.00027048028177512447,0.00027048028177512447,Lower height group (42–55 cm)
P3_x0_h85,P3,0.0,85.0,53.25,0.0,44.0,42.94258993047043,2.270541810699077,5.287389080107594,8.0,44.405,0.0,44.0,2.477979114806917,3.219982284286084,0.1306462808237768,4.05736023646301,53.25,0.0,44.0,0.000558811045456692,4.106509299972484e-05,22.009097120742467,1.6173725044475893,7.348654493070036,moderate,1.4387272212875127e-06,1.442354884766407e-07,0.03695139631067573,0.0037044567016635143,10.025214393842132,high,53.25,0.0,44.0,8.0,40.52764271379322,2.2435564614375423,5.535867154380455,1.8216072467127362,0.13131614920477047,7.208806917173994,53.25,0.0,44.0,8.844999999999999,22.046048517053144,1.6173767468164373,7.336356651693649,moderate,1.6173725044475893,0.0037044567016635143,1.6173767468164373,7.348654493070036,10.025214393842132,7.336356651693649,2.270541810699077,0.1306462808237768,5.287389080107594,4.05736023646301,0.04494727856680321,42.34924996050596,2.247396165944072,0.004085327414337209,0.0016789146827768278,0.9983238993472189,0.0016761006527810617,0.00020869094990439436,0.00020799196210794744,0.00020799196210794744,Upper height group (85–113 cm)
P3_x5_h85,P3,5.0,85.0,58.25,0.0,44.0,37.74538370998524,2.280265275561035,6.041176566335471,8.0,49.405,0.0,44.0,2.477979114806917,2.609145913130434,0.1229137758927961,4.710881644228363,58.25,0.0,44.0,0.0004991233030240592,3.804705468095604e-05,19.6582607677422,1.4985053148815364,7.622776666695136,moderate,1.2019910449039335e-06,1.0968704981013851e-07,0.030871208110166564,0.002817135581862529,9.12544650604323,moderate,58.25,0.0,44.0,8.0,37.20530813258706,2.095469663694141,5.632179301476553,1.535652158977999,0.10275946145101035,6.691584474403267,58.25,0.0,44.0,8.844999999999999,19.689131975852366,1.498507962935499,7.610838125181631,moderate,1.4985053148815364,0.002817135581862529,1.498507962935499,7.622776666695136,9.12544650604323,7.610838125181631,2.280265275561035,0.1229137758927961,6.041176566335471,4.710881644228363,0.04127508240236735,38.74096029156505,2.097987754582981,0.0036100657213167017,0.0015703936617233205,0.998432068607797,0.0015679313922029878,0.0001867253522328713,0.0001861402661971577,0.0001861402661971577,Upper height group (85–113 cm)
P3_x57_h85,P3,57.0,85.0,110.25,0.0,44.0,14.292598153561366,1.3002610502747372,9.097443559978238,8.0,101.405,0.0,44.0,2.477979114806917,0.556813465062792,0.0610576617788448,10.965550513754073,110.25,0.0,44.0,0.00019050292734084463,2.4968453439554197e-05,7.503068279911689,0.9833970197507013,13.10659830170539,high,2.6133900415943936e-07,5.99045681731484e-08,0.006712072289485772,0.0015385525530023632,22.922168991124433,high,110.25,0.0,44.0,8.0,12.772310817205653,1.304655949052543,10.214721264808505,0.36744010949035727,0.05561027135626716,15.134513059393297,110.25,0.0,44.0,8.844999999999999,7.509780352201175,0.9833982233045367,13.094899946258682,high,0.9833970197507013,0.0015385525530023632,0.9833982233045367,13.10659830170539,22.922168991124433,13.094899946258682,1.3002610502747372,0.0610576617788448,9.097443559978238,10.965550513754073,0.028768491054522144,13.13975092669601,1.3058405904544816,0.0052528619037051525,0.000894576996914224,0.9991062225558277,0.0008937774441723067,0.00023621046855742107,0.00023578841807359965,0.00023578841807359965,Upper height group (85–113 cm)
P3_x100_h85,P3,100.0,85.0,153.25,0.0,44.0,5.339717552282375,0.7721656430708489,14.460795641537246,8.0,144.405,0.0,44.0,2.477979114806917,0.4029100027089333,0.0674358277120136,16.737193730265865,153.25,0.0,44.0,9.009168316644029e-05,1.7497831150429506e-05,3.5483131922720985,0.6891622281328047,19.422249130480843,high,1.4970759164399566e-07,2.5198365913432676e-08,0.0038449988765789844,0.0006471795288723469,16.83172218370484,high,153.25,0.0,44.0,8.0,5.610482686047049,0.814292646790148,14.513771672716281,0.20737564888954624,0.031674252032389695,15.273853126921493,153.25,0.0,44.0,8.844999999999999,3.5521581911486777,0.6891625320099132,19.40123426167165,high,0.6891622281328047,0.0006471795288723469,0.6891625320099132,19.422249130480843,16.83172218370484,19.40123426167165,0.7721656430708489,0.0674358277120136,14.460795641537246,16.737193730265865,0.03696217607181601,5.817858334936595,0.8149084444637422,0.007787888900514914,0.0010836131615870436,0.9989175597848766,0.0010824402151233049,0.0002784971486229347,0.0002778945619046547,0.0002778945619046547,Upper height group (85–113 cm)
P3_x114_h85,P3,114.0,85.0,167.25,0.0,44.0,5.85412019810632,0.8208268993675025,14.021353706284032,8.0,158.405,0.0,44.0,2.477979114806917,0.1619913095834773,0.0350020930777493,21.607389413511783,167.25,0.0,44.0,0.00010312681386430451,1.7436524690757585e-05,4.0617093748339546,0.6867476376625224,16.90784776275622,high,2.0132003476473332e-07,5.260263547686542e-08,0.005170581524976977,0.0013510141475965244,26.128862702779642,very high,167.25,0.0,44.0,8.0,6.4731324604099605,0.8741369481393062,13.504079415732283,0.21835174806320387,0.04325500923300555,19.80978380831877,167.25,0.0,44.0,8.844999999999999,4.066879956358932,0.6867489665622236,16.886384007682103,high,0.6867476376625224,0.0013510141475965244,0.6867489665622236,16.90784776275622,26.128862702779642,16.886384007682103,0.8208268993675025,0.0350020930777493,14.021353706284032,21.607389413511783,0.03373200678321591,6.691484208473164,0.8752064898788442,0.008087157668225894,0.0012730062758831322,0.9987286122087542,0.001271387791245795,0.00039618785559356593,0.00039518107919699633,0.00039518107919699633,Upper height group (85–113 cm)
P3_x176_h85,P3,176.0,85.0,229.25,0.0,44.0,2.914675852640374,0.5685049922682578,19.504913102198145,8.0,220.405,0.0,44.0,2.477979114806917,0.0957739841682948,0.0254635792393013,26.587156690230763,229.25,0.0,44.0,4.148526311769894e-05,1.1258668349510267e-05,1.6339211482314075,0.4434291826713808,27.138958520205115,very high,8.560279286765811e-08,3.555606069279417e-08,0.002198570151277762,0.0009132002720641649,41.536098883787375,very high,229.25,0.0,44.0,8.0,2.511097762886324,0.578278265750296,23.028902908407964,0.09295154810021496,0.025765846642019467,27.719653054342064,229.25,0.0,44.0,8.844999999999999,1.6361197183826852,0.44343012299498297,27.102547448869846,very high,0.4434291826713808,0.0009132002720641649,0.44343012299498297,27.138958520205115,41.536098883787375,27.102547448869846,0.5685049922682578,0.0254635792393013,19.504913102198145,26.587156690230763,0.03701629999198993,2.6040493109865386,0.5788519944617535,0.01333979085524454,0.00134557910193986,0.9986562290481708,0.0013437709518292847,0.0006676256628157553,0.0006658325964162396,0.0006658325964162396,Upper height group (85–113 cm)
P3_x200_h85,P3,200.0,85.0,253.25,0.0,44.0,2.852685627241905,0.6124585470168724,21.46954228563288,8.0,244.405,0.0,44.0,2.477979114806917,0.0709781111615854,0.0215076615356194,30.301822891082693,253.25,0.0,44.0,3.6271813541378624e-05,1.0175996337006801e-05,1.428586413006994,0.40078751753817937,28.05483195759732,very high,1.1369000770054948e-07,4.373269458592926e-08,0.0029199451215966518,0.0011232039718636,38.46661238788701,very high,253.25,0.0,44.0,8.0,2.3292557888355314,0.5361390735733746,23.017612584378615,0.09988044444056719,0.03004581527943346,30.08177971946441,253.25,0.0,44.0,8.844999999999999,1.4315063581285907,0.40078909142038643,27.997716471503367,very high,0.40078751753817937,0.0011232039718636,0.40078909142038643,28.05483195759732,38.46661238788701,27.997716471503367,0.6124585470168724,0.0215076615356194,21.46954228563288,30.301822891082693,0.042880839845631805,2.4291362332760986,0.5369803136316287,0.016242297400171562,0.002043940146015064,0.9979602290237719,0.002039770976228075,0.0009731288684720635,0.0009691629972918273,0.0009691629972918273,Upper height group (85–113 cm)
P3_x225_h85,P3,225.0,85.0,278.25,0.0,44.0,1.2217811403531444,0.3802837864524898,31.125360663414096,8.0,269.405,0.0,44.0,2.477979114806917,0.0377400637638158,0.012429330097688,32.93404636376102,278.25,0.0,44.0,1.934470932110099e-05,6.260806788426305e-06,0.7619025960245452,0.2465855064623224,32.36443972614821,very high,5.6727645823812134e-08,2.7650456713206442e-08,0.001456958408510182,0.0007101575399863073,48.74247170257121,very high,278.25,0.0,44.0,8.0,1.6675351956786801,0.4519697639063562,27.10406143616095,0.05938236833107253,0.019865895043516907,33.45419794097677,278.25,0.0,44.0,8.845000000000027,0.7633595544330555,0.2465865290745049,32.302802479186084,very high,0.2465855064623224,0.0007101575399863073,0.2465865290745049,32.36443972614821,48.74247170257121,32.302802479186084,0.3802837864524898,0.012429330097688,31.125360663414096,32.93404636376102,0.03561086355775786,1.7269175640097527,0.45240614636789295,0.01533259013190384,0.0019122633471946393,0.9980913864245895,0.0019086135754104237,0.001118843289842957,0.001114576486588258,0.001114576486588258,Upper height group (85–113 cm)
P3_x300_h85,P3,300.0,85.0,353.25,0.0,44.0,0.9274157830049132,0.3460097902363458,37.309025420641646,8.0,344.405,0.0,44.0,2.477979114806917,0.0532074291645009,0.0180972295194258,34.01259899905105,353.25,0.0,44.0,1.6109982251603687e-05,6.831085089568164e-06,0.6345009943373818,0.26904624809892613,42.4028095306446,very high,2.6077215978414955e-08,1.153429569371298e-08,0.0006697513802756739,0.0002962398466065695,44.2313155793177,very high,353.25,0.0,44.0,8.0,1.3859661915981791,0.4074167701194644,29.395866406356262,0.02803639378089532,0.010280682454698348,36.66906141724923,353.25,0.0,44.0,8.845000000000027,0.6351707457176575,0.26904641118988304,42.35812385941937,very high,0.26904624809892613,0.0002962398466065695,0.26904641118988304,42.4028095306446,44.2313155793177,42.35812385941937,0.3460097902363458,0.0180972295194258,37.309025420641646,34.01259899905105,0.02022877177730152,1.4140025853790745,0.40754645993593275,0.009506956801386737,0.0010555560767483187,0.9989455569470238,0.0010544430529761646,0.0006467732009883017,0.000645409949085917,0.000645409949085917,Upper height group (85–113 cm)
P3_x400_h85,P3,400.0,85.0,453.25,0.0,44.0,1.6003720929427985,0.4388882561117321,27.42413830178049,8.0,444.405,0.0,44.0,2.477979114806917,0.0331993362266996,0.0166394317830645,50.119772484134046,453.25,0.0,44.0,1.2335520022813339e-05,7.211422955314768e-06,0.48584161036953405,0.28402607552712555,58.460631914811415,very high,1.4559025443376125e-08,8.50561625398722e-09,0.0003739251687849273,0.00021845308298702084,58.42160443408659,very high,453.25,0.0,44.0,8.0,0.6565738566026325,0.2919313902625898,44.46284105388477,0.0246532329561851,0.011879277334037281,48.18547472110331,453.25,0.0,44.0,8.845000000000027,0.486215535538319,0.28402615953656435,58.4156899104636,very high,0.28402607552712555,0.00021845308298702084,0.28402615953656435,58.460631914811415,58.42160443408659,58.4156899104636,0.4388882561117321,0.0166394317830645,27.42413830178049,50.119772484134046,0.037548301243291164,0.6812270895588175,0.29217298617536064,0.0246185866150126,0.0007696441819804557,0.9992309477146366,0.0007690522853633869,0.0006360972669971368,0.000635119259097611,0.000635119259097611,Upper height group (85–113 cm)
P4_x0_h42,P4,0.0,42.0,50.10139789775538,41.10139789775538,1.0,33.5301151517884,1.9966661441925333,5.954844279996566,8.0,43.84703841816037,34.84703841816037,1.0,2.477979114806917,0.3130928638831567,0.0237728027204171,7.592891906117951,50.10139789775538,41.10139789775538,1.0,0.0004494511236182563,3.743826098751208e-05,17.701893173311774,1.4745276221812191,8.329773588309118,moderate,2.2592152292367698e-07,2.4618994242803948e-08,0.005802431208046161,0.0006322992986968019,10.897144249120958,high,50.10139789775538,41.10139789775538,1.0,8.0,32.729372198173195,2.1416986420034814,6.543659404878598,0.345351830735437,0.027563183274820876,7.9811892747533015,50.10139789775538,41.10139789775538,1.0,8.844999999999995,17.70769560451982,1.4745277577508682,8.327044866156953,moderate,1.4745276221812191,0.0006322992986968019,1.4745277577508682,8.329773588309118,10.897144249120958,8.327044866156953,1.9966661441925333,0.0237728027204171,5.954844279996566,7.592891906117951,0.010551740150845697,33.07472402890863,2.141876000666658,0.0010890237317038344,0.0003277859125708761,0.9996723214958266,0.00032767850417335576,4.495962059042146e-05,4.493016081543334e-05,4.493016081543334e-05,Lower height group (42–55 cm)
P4_x20_h42,P4,20.0,42.0,64.24353352148633,55.243533521486334,1.0,20.634247720239664,1.6618935556807377,8.054054493349055,8.0,57.98917404189133,48.98917404189133,1.0,2.477979114806917,0.3613210709177627,0.0311086173805527,8.60968813735005,64.24353352148633,55.243533521486334,1.0,0.00032119732054483726,3.057387548191325e-05,12.650542755496488,1.2041698178835762,9.518720588967463,moderate,2.014614531311668e-07,3.0065760878582703e-08,0.0051742136284267295,0.000772190745520415,14.923828063032781,high,64.24353352148633,55.243533521486334,1.0,8.0,21.950270755258426,1.737080335917493,7.913708014291151,0.34422759773028844,0.05434890793672375,15.788655033785984,64.24353352148633,55.243533521486334,1.0,8.844999999999981,12.655716969124915,1.204170065472611,9.514830873749178,moderate,1.2041698178835762,0.000772190745520415,1.204170065472611,9.518720588967463,14.923828063032781,9.514830873749178,1.6618935556807377,0.0311086173805527,8.054054493349055,8.60968813735005,0.015682157253018164,22.294498352988715,1.7379303487841922,0.0027696146100334796,0.0004090111964704917,0.9995911560252927,0.0004088439747072269,7.239922031346537e-05,7.234003244524356e-05,7.234003244524356e-05,Lower height group (42–55 cm)
P4_x71_h42,P4,71.0,42.0,100.30597936200024,91.30597936200024,1.0,11.186859108485333,1.1886442989505852,10.62536219884085,8.0,94.05161988240523,85.05161988240525,1.0,2.477979114806917,0.1448625377832539,0.0249717683938403,17.238251362960106,100.30597936200024,91.30597936200024,1.0,0.0001327912530344283,1.9719598889728014e-05,5.230060516129014,0.7766678391108236,14.85007366005906,high,9.873965668346328e-08,1.8339729463366684e-08,0.002535969384401875,0.00047102647507078245,18.573823405280468,high,100.30597936200024,91.30597936200024,1.0,8.0,10.046046926555453,1.1189354428745577,11.138067053188786,0.18669595956552595,0.03461903212191266,18.54300018194137,100.30597936200024,91.30597936200024,1.0,8.844999999999986,5.232596485513416,0.7766679819427451,14.842879325645905,high,0.7766678391108236,0.00047102647507078245,0.7766679819427451,14.85007366005906,18.573823405280468,14.842879325645905,1.1886442989505852,0.0249717683938403,10.62536219884085,17.238251362960106,0.01858402224580684,10.23274288612098,1.1194708583549375,0.004019906554739779,0.0004848833730663697,0.9995153516248725,0.00048464837512748676,0.00011530763174266137,0.00011519589151385685,0.00011519589151385685,Lower height group (42–55 cm)
P4_x85_h45,P4,85.0,45.0,110.20547429861192,101.20547429861192,4.0,7.63724760079887,0.9225134352215084,12.079134832881572,8.0,103.95111481901692,94.95111481901692,4.0,2.477979114806917,0.1146047475171368,0.0231897582132256,20.234552857208705,110.20547429861192,101.20547429861192,4.0,0.00010783228700941541,1.6608323697274227e-05,4.247037163702468,0.6541284611997993,15.40199522599763,high,9.512338473317306e-08,1.7159514642117605e-08,0.002443091251545827,0.00044071455426575236,18.039217896052687,high,110.20547429861192,101.20547429861192,4.0,8.0,8.831310510236937,1.0803617856683208,12.233312195466395,0.16214756766731517,0.02876755139243529,17.741586757230216,110.20547429861192,101.20547429861192,4.0,8.844999999999976,4.249480254954014,0.6541286096639832,15.393143876863643,high,0.6541284611997993,0.00044071455426575236,0.6541286096639832,15.40199522599763,18.039217896052687,15.393143876863643,0.9225134352215084,0.0231897582132256,12.079134832881572,20.234552857208705,0.01836053295593667,8.993458077904252,1.0807447246901365,0.003956760148234809,0.0005752460262005329,0.9994250846915461,0.0005749153084539429,0.0001364479256452469,0.00013629107874253346,0.00013629107874253346,Lower height group (42–55 cm)
P4_x152_h113,P4,152.0,113.0,157.5816286381106,148.5816286381106,72.0,4.24342670690751,0.7449884434799989,17.556293414171527,8.0,151.3272691585156,142.3272691585156,72.0,2.477979114806917,0.092439750778775,0.0262332228640526,28.37872521620431,157.5816286381106,148.5816286381106,72.0,7.404925490523113e-05,1.5790419023218517e-05,2.916472851025909,0.6219148112493235,21.324210545301543,high,4.609311592062646e-08,1.7944412574884726e-08,0.0011838276001011451,0.00046087339615598447,38.93078655343125,very high,157.5816286381106,148.5816286381106,72.0,8.0,4.282541629262736,0.720222837428094,16.817649418905578,0.07010168916512736,0.017679623296600028,25.21996760299878,157.5816286381106,148.5816286381106,72.0,8.844999999999976,2.91765667862601,0.6219149820156843,21.315564184493358,high,0.6219148112493235,0.00046087339615598447,0.6219149820156843,21.324210545301543,38.93078655343125,21.315564184493358,0.7449884434799989,0.0262332228640526,17.556293414171527,28.37872521620431,0.01636917868728243,4.352643318427863,0.7204397994509218,0.00496199488348683,0.0004059107218106685,0.9995942539748514,0.00040574602514872865,0.00018017718533767571,0.00018003100264666987,0.00018003100264666987,Upper height group (85–113 cm)
P5_x0_h45,P5,0.0,45.0,0.0,44.25,4.0,150.47539058463326,4.629032288011375,3.0762719870847093,8.0,0.0,35.405,4.0,2.477979114806917,7.860922449613151,0.2966521423239888,3.773757395845924,0.0,44.25,4.0,0.0023716621775293862,8.94101870634166e-05,93.40929036249909,3.521472073005034,3.7699377217609125,low,3.68934093089736e-06,3.2762167312648653e-07,0.09475479218415543,0.008414436110293215,8.880222220254362,moderate,0.0,44.25,4.0,8.0,147.92751822613718,4.285400706054697,2.8969597796561377,4.721151344864738,0.2656195434687184,5.626160316966675,0.0,44.25,4.0,8.844999999999999,93.50404515468325,3.521482125993177,3.7661281072573995,low,3.521472073005034,0.008414436110293215,3.521482125993177,3.7699377217609125,8.880222220254362,3.7661281072573995,4.629032288011375,0.2966521423239888,3.0762719870847093,3.773757395845924,0.031915301503588414,152.64866957100193,4.293624687059481,0.002019662612812746,0.0010144043683067794,0.9989866236051348,0.0010133763948650893,9.786283231045666e-05,9.766458904050702e-05,9.766458904050702e-05,Lower height group (42–55 cm)
P5_x6_h45,P5,6.0,45.0,0.0,50.25,4.0,122.95713205763136,3.8654943018453936,3.143773961833784,8.0,0.0,41.405,4.0,2.477979114806917,6.190939031399291,0.3037999026270289,4.90716999612195,0.0,50.25,4.0,0.0019482401263559346,7.802299290732905e-05,76.73256730359041,3.072980826900084,4.004793446753729,low,3.2601176836802414e-06,3.510229648983731e-07,0.08373088294062178,0.009015460678154596,10.767186922593377,high,0.0,50.25,4.0,8.0,122.73839046290328,4.008211404037884,3.265654200711826,4.112713263929272,0.2783031318847019,6.766898493157096,0.0,50.25,4.0,8.844999999999999,76.81629818653104,3.0729940515768592,4.000445379592215,low,3.072980826900084,0.009015460678154596,3.0729940515768592,4.004793446753729,10.767186922593377,4.000445379592215,3.8654943018453936,0.3037999026270289,3.143773961833784,4.90716999612195,0.03350796151406521,126.85110372683255,4.017861532292543,0.0025176815697923937,0.0010912039813465737,0.9989099854468735,0.0010900145531264763,0.00012535587047041036,0.0001250827399634319,0.0001250827399634319,Lower height group (42–55 cm)
P5_x0_h85,P5,0.0,85.0,0.0,44.25,44.0,61.571810494736006,2.457073805979067,3.9905823561727662,8.0,0.0,35.405,44.0,2.477979114806917,4.534427122197803,0.1430100643687301,3.153872816008878,0.0,44.25,44.0,0.0008405873561064016,5.395956269739471e-05,33.10702053839006,2.1252286719371796,6.419268896374467,moderate,3.899946863293178e-06,2.524767252757709e-07,0.10016386706519717,0.006484458900094896,6.473850391453166,moderate,0.0,44.25,44.0,8.0,57.48851434847041,2.7837433220274472,4.84225997762545,4.244172098941157,0.20014466914246148,4.71575290720171,0.0,44.25,44.0,8.844999999999999,33.20718440545526,2.125238564545424,6.399936045756084,moderate,2.1252286719371796,0.006484458900094896,2.125238564545424,6.419268896374467,6.473850391453166,6.399936045756084,2.457073805979067,0.1430100643687301,3.9905823561727662,3.153872816008878,0.07382643554179934,61.73268644741157,2.790929015850914,0.004990023049592449,0.003025457000851215,0.9969836687795566,0.0030163312204434384,0.00027582770089335006,0.0002741662350325062,0.0002741662350325062,Upper height group (85–113 cm)
P5_x6_h85,P5,6.0,85.0,0.0,50.25,44.0,52.419455051754674,2.467452760251878,4.707131651436891,8.0,0.0,41.405,44.0,2.477979114806917,4.640840963263177,0.149586314948578,3.223258804443008,0.0,50.25,44.0,0.0007592506674064675,5.4479158280132996e-05,29.903527880843473,2.14569324531484,7.1753849708461805,moderate,3.0868745432315662e-06,1.871448788451848e-07,0.0792814113200763,0.004806515427944269,6.062600738197409,moderate,0.0,50.25,44.0,8.0,51.0757983151854,2.487330290830636,4.869880399091334,3.625304919343343,0.17058226335749807,4.705321818513293,0.0,50.25,44.0,8.844999999999999,29.982809292163548,2.1456986287874376,7.156429565618615,moderate,2.14569324531484,0.004806515427944269,2.1456986287874376,7.1753849708461805,6.062600738197409,7.156429565618615,2.467452760251878,0.149586314948578,4.707131651436891,3.223258804443008,0.0709789183709244,54.701103234528745,2.4931727345404258,0.0048064724778615585,0.0026512394001132165,0.9973557710837725,0.0026442289162275953,0.0002490490204235251,0.000247733676518243,0.000247733676518243,Upper height group (85–113 cm)
