measurement_kind,position,physical_point_id,distance_cm,height_cm,location_label,number_of_files,total_valid_rows,total_nominal_duration_min,files,contains_24h_measurement,number_of_24h_files,minimum_valid_fraction,raw_numeric_mismatch_count,pooled_mean_uSv_h,pooled_std_uSv_h,pooled_sem_uSv_h,between_file_std_uSv_h,between_file_sem_uSv_h,effective_sem_uSv_h,maximum_pairwise_repeat_z,repeat_agreement_flag,is_repeated_measurement,unresolved_between_file_variation,uncertainty_source,gross_mean_uSv_h,gross_sem_uSv_h,gross_sem_effective_uSv_h,gross_uncertainty_uSv_h,background_mean_uSv_h,background_sem_uSv_h,net_mean_uSv_h,net_sem_uSv_h,net_sem_effective_uSv_h,net_uncertainty_uSv_h,net_mean_mrem_h,net_uncertainty_mrem_h,net_significance_sigma,above_background_2sigma,statistically_above_background_2sigma,statistically_above_background_2sigma_effective,requires_quality_review,final_quality_status,quality_review_reason,reference_x_cm,reference_y_cm,direction_x,direction_y,geometry_x_cm,geometry_y_cm,geometry_z_cm,distance_uncertainty_cm,height_uncertainty_cm,horizontal_line_position_uncertainty_cm,geometry_x_uncertainty_cm,geometry_y_uncertainty_cm,geometry_z_uncertainty_cm,instrument_orientation_deg,instrument_orientation_uncertainty_deg,radial_distance_from_source_cm,distance_from_source_3d_cm,height_group,height_group_label,plot_height_group,plot_height_group_label,coordinate_validation_passed,geometry_ready,above_cabinet,below_cabinet,within_cabinet_vertical_extent,horizontal_location,vertical_location,geometric_uncertainty_interpretation,measurement_quantity,instrument_model,detector_indicated_neutron_dose_equivalent_rate_uSv_h,detector_indicated_neutron_dose_equivalent_rate_uncertainty_uSv_h,net_plot_uncertainty_uSv_h
scan,P1,P1_x0_h42,0.0,42.0,,1,600,10.0,NF_P1_x_0_y_42_10_min.csv,False,0,1.0,0,542.1,92.12347451977695,3.7609250984290186,,,3.7609250984290186,,not_repeated,False,False,pooled reading-level SEM,542.1,3.7609250984290186,3.7609250984290186,3.7609250984290186,0.5,0.09212147505241078,541.6,3.762053157806141,3.762053157806141,3.762053157806141,54.160000000000004,0.3762053157806141,143.963941305879,True,True,True,False,valid,no quality issue identified,0.0,-44.25,0.0,-1.0,0.0,-44.25,1.0,1.0,1.0,1.0,0.0,1.0,1.0,90.0,1.0,44.25,44.26129799271594,lower,Lower height group (42–65 cm),lower,Lower height group (42–65 cm),True,True,False,False,True,outside_cabinet_xy_projection,within_cabinet_vertical_extent,Estimated symmetric ± limits; retained separately from the vertical dose-rate uncertainty,Studsvik AE 2202 D indicated neutron dose-equivalent rate,AE 2202 D,541.6,3.762053157806141,3.762053157806141
scan,P1,P1_x4_h42,4.0,42.0,,2,1200,20.0,NF_P1_x_4_y_42_10_min.csv; NF_P1_x_4_y_42_10_min_SHORT.csv,False,0,1.0,0,470.98333333333335,89.14775651111303,2.573474060967116,4.996887920384933,3.533333333333331,3.533333333333331,1.3734893696445478,consistent_within_2sigma,True,False,between-file SEM,470.98333333333335,2.573474060967116,3.533333333333331,3.533333333333331,0.5,0.09212147505241078,470.48333333333335,2.575122348284914,3.5345340301955304,3.5345340301955304,47.04833333333333,0.353453403019553,133.11042680986898,True,True,True,False,valid,no quality issue identified,0.0,-44.25,0.0,-1.0,0.0,-48.25,1.0,1.0,1.0,1.0,0.0,1.0,1.0,90.0,1.0,48.25,48.26036158173704,lower,Lower height group (42–65 cm),lower,Lower height group (42–65 cm),True,True,False,False,True,outside_cabinet_xy_projection,within_cabinet_vertical_extent,Estimated symmetric ± limits; retained separately from the vertical dose-rate uncertainty,Studsvik AE 2202 D indicated neutron dose-equivalent rate,AE 2202 D,470.48333333333335,3.5345340301955304,3.5345340301955304
scan,P1,P1_x57_h42,57.0,42.0,,1,600,10.0,NF_P1_x_57_y_42_10_min.csv,False,0,1.0,0,86.73333333333333,47.733213331814596,1.9487002741060184,,,1.9487002741060184,,not_repeated,False,False,pooled reading-level SEM,86.73333333333333,1.9487002741060184,1.9487002741060184,1.9487002741060184,0.5,0.09212147505241078,86.23333333333333,1.9508765015927336,1.9508765015927336,1.9508765015927336,8.623333333333333,0.19508765015927337,44.20235379478443,True,True,True,False,valid,no quality issue identified,0.0,-44.25,0.0,-1.0,0.0,-101.25,1.0,1.0,1.0,1.0,0.0,1.0,1.0,90.0,1.0,101.25,101.25493815118352,lower,Lower height group (42–65 cm),lower,Lower height group (42–65 cm),True,True,False,False,True,outside_cabinet_xy_projection,within_cabinet_vertical_extent,Estimated symmetric ± limits; retained separately from the vertical dose-rate uncertainty,Studsvik AE 2202 D indicated neutron dose-equivalent rate,AE 2202 D,86.23333333333333,1.9508765015927336,1.9508765015927336
scan,P1,P1_x114_h42,114.0,42.0,,1,601,10.0,NF_P1_x_114_y_42_10_min.csv,False,0,1.0,0,30.282861896838604,17.226525741693507,0.702684641717657,,,0.702684641717657,,not_repeated,False,False,pooled reading-level SEM,30.282861896838604,0.702684641717657,0.702684641717657,0.702684641717657,0.5,0.09212147505241078,29.782861896838604,0.7086974473438605,0.7086974473438605,0.7086974473438605,2.9782861896838604,0.07086974473438605,42.024790703652606,True,True,True,False,valid,no quality issue identified,0.0,-44.25,0.0,-1.0,0.0,-158.25,1.0,1.0,1.0,1.0,0.0,1.0,1.0,90.0,1.0,158.25,158.25315952612132,lower,Lower height group (42–65 cm),lower,Lower height group (42–65 cm),True,True,False,False,True,outside_cabinet_xy_projection,within_cabinet_vertical_extent,Estimated symmetric ± limits; retained separately from the vertical dose-rate uncertainty,Studsvik AE 2202 D indicated neutron dose-equivalent rate,AE 2202 D,29.782861896838604,0.7086974473438605,0.7086974473438605
scan,P1,P1_x176_h42,176.0,42.0,,1,601,10.0,NF_P1_x_176_y_42_10_min.csv,False,0,1.0,0,17.95341098169717,12.97322213301226,0.5291887687135638,,,0.5291887687135638,,not_repeated,False,False,pooled reading-level SEM,17.95341098169717,0.5291887687135638,0.5291887687135638,0.5291887687135638,0.5,0.09212147505241078,17.45341098169717,0.5371472043103358,0.5371472043103358,0.5371472043103358,1.745341098169717,0.05371472043103358,32.49278939114332,True,True,True,False,valid,no quality issue identified,0.0,-44.25,0.0,-1.0,0.0,-220.25,1.0,1.0,1.0,1.0,0.0,1.0,1.0,90.0,1.0,220.25,220.25227013586036,lower,Lower height group (42–65 cm),lower,Lower height group (42–65 cm),True,True,False,False,True,outside_cabinet_xy_projection,within_cabinet_vertical_extent,Estimated symmetric ± limits; retained separately from the vertical dose-rate uncertainty,Studsvik AE 2202 D indicated neutron dose-equivalent rate,AE 2202 D,17.45341098169717,0.5371472043103358,0.5371472043103358
scan,P1,P1_x199_h42,199.0,42.0,,1,600,10.0,NF_P1_x_199_y_42_10_min.csv,False,0,1.0,0,13.966666666666667,12.524389117244635,0.5113060446219333,,,0.5113060446219333,,not_repeated,False,False,pooled reading-level SEM,13.966666666666667,0.5113060446219333,0.5113060446219333,0.5113060446219333,0.5,0.09212147505241078,13.466666666666667,0.5195384850352843,0.5195384850352843,0.5195384850352843,1.3466666666666667,0.05195384850352843,25.920441034800493,True,True,True,False,valid,no quality issue identified,0.0,-44.25,0.0,-1.0,0.0,-243.25,1.0,1.0,1.0,1.0,0.0,1.0,1.0,90.0,1.0,243.25,243.25205548977382,lower,Lower height group (42–65 cm),lower,Lower height group (42–65 cm),True,True,False,False,True,outside_cabinet_xy_projection,within_cabinet_vertical_extent,Estimated symmetric ± limits; retained separately from the vertical dose-rate uncertainty,Studsvik AE 2202 D indicated neutron dose-equivalent rate,AE 2202 D,13.466666666666667,0.5195384850352843,0.5195384850352843
scan,P1,P1_x320_h42,320.0,42.0,,1,600,10.0,NF_P1_x_320_y_42_10_min.csv,False,0,1.0,0,4.75,7.119596038136135,0.2906562911362369,,,0.2906562911362369,,not_repeated,False,False,pooled reading-level SEM,4.75,0.2906562911362369,0.2906562911362369,0.2906562911362369,0.5,0.09212147505241078,4.25,0.30490563416064465,0.30490563416064465,0.30490563416064465,0.425,0.030490563416064466,13.938738822257434,True,True,True,False,valid,no quality issue identified,0.0,-44.25,0.0,-1.0,0.0,-364.25,1.0,1.0,1.0,1.0,0.0,1.0,1.0,90.0,1.0,364.25,364.25137268100997,lower,Lower height group (42–65 cm),lower,Lower height group (42–65 cm),True,True,False,False,True,outside_cabinet_xy_projection,within_cabinet_vertical_extent,Estimated symmetric ± limits; retained separately from the vertical dose-rate uncertainty,Studsvik AE 2202 D indicated neutron dose-equivalent rate,AE 2202 D,4.25,0.30490563416064465,0.30490563416064465
scan,P1,P1_x420_h42,420.0,42.0,,1,600,10.0,NF_P1_x_420_y_42_10_min.csv,False,0,1.0,0,2.15,4.752031460860539,0.19400087201268085,,,0.19400087201268085,,not_repeated,False,False,pooled reading-level SEM,2.15,0.19400087201268085,0.19400087201268085,0.19400087201268085,0.5,0.09212147505241078,1.65,0.2147619717443303,0.2147619717443303,0.2147619717443303,0.16499999999999998,0.02147619717443303,7.6829244330290045,True,True,True,False,valid,no quality issue identified,0.0,-44.25,0.0,-1.0,0.0,-464.25,1.0,1.0,1.0,1.0,0.0,1.0,1.0,90.0,1.0,464.25,464.25107700467424,lower,Lower height group (42–65 cm),lower,Lower height group (42–65 cm),True,True,False,False,True,outside_cabinet_xy_projection,within_cabinet_vertical_extent,Estimated symmetric ± limits; retained separately from the vertical dose-rate uncertainty,Studsvik AE 2202 D indicated neutron dose-equivalent rate,AE 2202 D,1.65,0.2147619717443303,0.2147619717443303
scan,P2,P2_x2_h55,2.0,55.0,,1,600,10.0,NF_P2_x_2_y_55_10_min_LONG_mrem.csv,False,0,1.0,0,42.766666666666666,24.914120719803797,1.017114719227021,,,1.017114719227021,,not_repeated,False,False,pooled reading-level SEM,42.766666666666666,1.017114719227021,1.017114719227021,1.017114719227021,0.5,0.09212147505241078,42.266666666666666,1.0212779828401735,1.0212779828401735,1.0212779828401735,4.226666666666667,0.10212779828401734,41.38605490066778,True,True,True,False,valid,no quality issue identified,50.10139789775538,-41.10139789775538,0.7071067811865475,-0.7071067811865475,51.515611460128476,-42.515611460128476,14.0,1.0,1.0,1.0,0.7071067811865475,0.7071067811865475,1.0,90.0,1.0,66.79397758735085,68.24540601344187,lower,Lower height group (42–65 cm),lower,Lower height group (42–65 cm),True,True,False,False,True,outside_cabinet_xy_projection,within_cabinet_vertical_extent,Estimated symmetric ± limits; retained separately from the vertical dose-rate uncertainty,Studsvik AE 2202 D indicated neutron dose-equivalent rate,AE 2202 D,42.266666666666666,1.0212779828401735,1.0212779828401735
scan,P2,P2_x57_h55,57.0,55.0,,1,601,10.0,NF_P2_x_57_y_55_10_min_LONG_mrem.csv,False,0,1.0,0,25.740432612312812,17.12189180978165,0.6984165346100792,,,0.6984165346100792,,not_repeated,False,False,pooled reading-level SEM,25.740432612312812,0.6984165346100792,0.6984165346100792,0.6984165346100792,0.5,0.09212147505241078,25.240432612312812,0.7044657706252192,0.7044657706252192,0.7044657706252192,2.5240432612312813,0.07044657706252191,35.82918243126521,True,True,True,False,valid,no quality issue identified,50.10139789775538,-41.10139789775538,0.7071067811865475,-0.7071067811865475,90.40648442538858,-81.40648442538858,14.0,1.0,1.0,1.0,0.7071067811865475,0.7071067811865475,1.0,90.0,1.0,121.65668141396534,122.45957754564999,lower,Lower height group (42–65 cm),lower,Lower height group (42–65 cm),True,True,False,False,True,outside_cabinet_xy_projection,within_cabinet_vertical_extent,Estimated symmetric ± limits; retained separately from the vertical dose-rate uncertainty,Studsvik AE 2202 D indicated neutron dose-equivalent rate,AE 2202 D,25.240432612312812,0.7044657706252192,0.7044657706252192
scan,P2,P2_x114_h55,114.0,55.0,,1,600,10.0,NF_P2_x_114_y_55_10_min_LONG_mrem.csv,False,0,1.0,0,14.066666666666666,11.120626606255083,0.45399768008905883,,,0.45399768008905883,,not_repeated,False,False,pooled reading-level SEM,14.066666666666666,0.45399768008905883,0.45399768008905883,0.45399768008905883,0.5,0.09212147505241078,13.566666666666666,0.46324967316996496,0.46324967316996496,0.46324967316996496,1.3566666666666667,0.04632496731699649,29.285863439107263,True,True,True,False,valid,no quality issue identified,50.10139789775538,-41.10139789775538,0.7071067811865475,-0.7071067811865475,130.7115709530218,-121.7115709530218,14.0,1.0,1.0,1.0,0.7071067811865475,0.7071067811865475,1.0,90.0,1.0,178.6035309977362,179.15139208183484,lower,Lower height group (42–65 cm),lower,Lower height group (42–65 cm),True,True,False,False,True,outside_cabinet_xy_projection,within_cabinet_vertical_extent,Estimated symmetric ± limits; retained separately from the vertical dose-rate uncertainty,Studsvik AE 2202 D indicated neutron dose-equivalent rate,AE 2202 D,13.566666666666666,0.46324967316996496,0.46324967316996496
scan,P2,P2_x176_h55,176.0,55.0,,1,601,10.0,NF_P2_x_176_y_55_10_min_LONG__mrem.csv,False,0,1.0,0,9.417637271214643,9.582638210580383,0.3908839657328165,,,0.3908839657328165,,not_repeated,False,False,pooled reading-level SEM,9.417637271214643,0.3908839657328165,0.3908839657328165,0.3908839657328165,0.5,0.09212147505241078,8.917637271214643,0.40159263045136373,0.40159263045136373,0.40159263045136373,0.8917637271214642,0.040159263045136374,22.205679574328354,True,True,True,False,valid,no quality issue identified,50.10139789775538,-41.10139789775538,0.7071067811865475,-0.7071067811865475,174.55219138658774,-165.55219138658774,14.0,1.0,1.0,1.0,0.7071067811865475,0.7071067811865475,1.0,90.0,1.0,240.57430367926108,240.9813179289244,lower,Lower height group (42–65 cm),lower,Lower height group (42–65 cm),True,True,False,False,True,outside_cabinet_xy_projection,within_cabinet_vertical_extent,Estimated symmetric ± limits; retained separately from the vertical dose-rate uncertainty,Studsvik AE 2202 D indicated neutron dose-equivalent rate,AE 2202 D,8.917637271214643,0.40159263045136373,0.40159263045136373
scan,P2,P2_x199_h55,199.0,55.0,,1,601,10.0,NF_P2_x_199_y_55_10_min_LONG_mrem.csv,False,0,1.0,0,8.00332778702163,9.018868493740031,0.3678873193149949,,,0.3678873193149949,,not_repeated,False,False,pooled reading-level SEM,8.00332778702163,0.3678873193149949,0.3678873193149949,0.3678873193149949,0.5,0.09212147505241078,7.503327787021631,0.3792458910503909,0.3792458910503909,0.3792458910503909,0.7503327787021631,0.03792458910503909,19.784862444362393,True,True,True,False,valid,no quality issue identified,50.10139789775538,-41.10139789775538,0.7071067811865475,-0.7071067811865475,190.81564735387835,-181.81564735387835,14.0,1.0,1.0,1.0,0.7071067811865475,0.7071067811865475,1.0,90.0,1.0,263.5669571433216,263.93851726830155,lower,Lower height group (42–65 cm),lower,Lower height group (42–65 cm),True,True,False,False,True,outside_cabinet_xy_projection,within_cabinet_vertical_extent,Estimated symmetric ± limits; retained separately from the vertical dose-rate uncertainty,Studsvik AE 2202 D indicated neutron dose-equivalent rate,AE 2202 D,7.503327787021631,0.3792458910503909,0.3792458910503909
scan,P2,P2_x321_h55,321.0,55.0,,1,601,10.0,NF_P2_x_321_y_55_10_min_LONG_mrem.csv,False,0,1.0,0,4.009983361064892,6.3029014614743915,0.25710071326329015,,,0.25710071326329015,,not_repeated,False,False,pooled reading-level SEM,4.009983361064892,0.25710071326329015,0.25710071326329015,0.25710071326329015,0.5,0.09212147505241078,3.509983361064892,0.2731064681151372,0.2731064681151372,0.2731064681151372,0.3509983361064892,0.02731064681151372,12.852069690217444,True,True,True,False,valid,no quality issue identified,50.10139789775538,-41.10139789775538,0.7071067811865475,-0.7071067811865475,277.08267465863713,-268.08267465863713,14.0,1.0,1.0,1.0,0.7071067811865475,0.7071067811865475,1.0,90.0,1.0,385.54264232132977,385.79674577180253,lower,Lower height group (42–65 cm),lower,Lower height group (42–65 cm),True,True,False,False,True,outside_cabinet_xy_projection,within_cabinet_vertical_extent,Estimated symmetric ± limits; retained separately from the vertical dose-rate uncertainty,Studsvik AE 2202 D indicated neutron dose-equivalent rate,AE 2202 D,3.509983361064892,0.2731064681151372,0.2731064681151372
scan,P2,P2_x420_h55,420.0,55.0,,1,600,10.0,NF_P2_x_420_y_55_10_min_LONG_mrem.csv,False,0,1.0,0,2.716666666666667,5.275677856949386,0.21537864661376432,,,0.21537864661376432,,not_repeated,False,False,pooled reading-level SEM,2.716666666666667,0.21537864661376432,0.21537864661376432,0.21537864661376432,0.5,0.09212147505241078,2.216666666666667,0.23425270026833994,0.23425270026833994,0.23425270026833994,0.22166666666666668,0.023425270026833995,9.462715538081065,True,True,True,False,valid,no quality issue identified,50.10139789775538,-41.10139789775538,0.7071067811865475,-0.7071067811865475,347.0862459961053,-338.0862459961053,14.0,1.0,1.0,1.0,0.7071067811865475,0.7071067811865475,1.0,90.0,1.0,484.5319100858146,484.73412495037724,lower,Lower height group (42–65 cm),lower,Lower height group (42–65 cm),True,True,False,False,True,outside_cabinet_xy_projection,within_cabinet_vertical_extent,Estimated symmetric ± limits; retained separately from the vertical dose-rate uncertainty,Studsvik AE 2202 D indicated neutron dose-equivalent rate,AE 2202 D,2.216666666666667,0.23425270026833994,0.23425270026833994
scan,P2,P2_x321_h65,321.0,65.0,,1,601,10.0,NF_P2_x_321_y_65_10_min_LOMG_mrem.csv,False,0,1.0,0,5.158069883527454,6.905309956966076,0.28167346833703805,,,0.28167346833703805,,not_repeated,False,False,pooled reading-level SEM,5.158069883527454,0.28167346833703805,0.28167346833703805,0.28167346833703805,0.5,0.09212147505241078,4.658069883527454,0.2963550386459598,0.2963550386459598,0.2963550386459598,0.4658069883527454,0.02963550386459598,15.717869703886533,True,True,True,False,valid,no quality issue identified,50.10139789775538,-41.10139789775538,0.7071067811865475,-0.7071067811865475,277.08267465863713,-268.08267465863713,24.0,1.0,1.0,1.0,0.7071067811865475,0.7071067811865475,1.0,90.0,1.0,385.54264232132977,386.288919137105,lower,Lower height group (42–65 cm),lower,Lower height group (42–65 cm),True,True,False,False,True,outside_cabinet_xy_projection,within_cabinet_vertical_extent,Estimated symmetric ± limits; retained separately from the vertical dose-rate uncertainty,Studsvik AE 2202 D indicated neutron dose-equivalent rate,AE 2202 D,4.658069883527454,0.2963550386459598,0.2963550386459598
scan,P3,P3_x0_h45,0.0,45.0,,2,1202,20.0,NF_P3_x_0_y_45_10_min_2_mrem.csv; NF_P3_x_0_y_45_10_min_mrem.csv,False,0,1.0,0,130.7071547420965,57.138968436284465,1.6480871062495304,2.859017434747611,2.0216306156406034,2.0216306156406034,1.2269107954459533,consistent_within_2sigma,True,False,between-file SEM,130.7071547420965,1.6480871062495304,2.0216306156406034,2.0216306156406034,0.5,0.09212147505241078,130.2071547420965,1.6506597093137587,2.02372841860296,2.02372841860296,13.020715474209648,0.202372841860296,64.34023139922222,True,True,True,False,valid,no quality issue identified,53.25,0.0,1.0,0.0,53.25,0.0,4.0,1.0,1.0,1.0,1.0,0.0,1.0,90.0,1.0,53.25,53.40002340823457,lower,Lower height group (42–65 cm),lower,Lower height group (42–65 cm),True,True,False,False,True,outside_cabinet_xy_projection,within_cabinet_vertical_extent,Estimated symmetric ± limits; retained separately from the vertical dose-rate uncertainty,Studsvik AE 2202 D indicated neutron dose-equivalent rate,AE 2202 D,130.2071547420965,2.02372841860296,2.02372841860296
scan,P3,P3_x5_h45,5.0,45.0,,1,601,10.0,NF_P3_x_5_y_45_10_min_mrem.csv,False,0,1.0,0,101.3477537437604,54.138838792305634,2.2083692968749125,,,2.2083692968749125,,not_repeated,False,False,pooled reading-level SEM,101.3477537437604,2.2083692968749125,2.2083692968749125,2.2083692968749125,0.5,0.09212147505241078,100.8477537437604,2.210289871837092,2.210289871837092,2.210289871837092,10.08477537437604,0.22102898718370917,45.626483217760196,True,True,True,False,valid,no quality issue identified,53.25,0.0,1.0,0.0,58.25,0.0,4.0,1.0,1.0,1.0,1.0,0.0,1.0,90.0,1.0,58.25,58.38717753068733,lower,Lower height group (42–65 cm),lower,Lower height group (42–65 cm),True,True,False,False,True,outside_cabinet_xy_projection,within_cabinet_vertical_extent,Estimated symmetric ± limits; retained separately from the vertical dose-rate uncertainty,Studsvik AE 2202 D indicated neutron dose-equivalent rate,AE 2202 D,100.8477537437604,2.210289871837092,2.210289871837092
scan,P3,P3_x57_h45,57.0,45.0,,1,601,10.0,NF_P3_x_57_y_45_10_min_mrem.csv,False,0,1.0,0,24.49251247920133,14.757496191549365,0.6019708256616294,,,0.6019708256616294,,not_repeated,False,False,pooled reading-level SEM,24.49251247920133,0.6019708256616294,0.6019708256616294,0.6019708256616294,0.5,0.09212147505241078,23.99251247920133,0.6089788511217575,0.6089788511217575,0.6089788511217575,2.399251247920133,0.060897885112175754,39.397940396462694,True,True,True,False,valid,no quality issue identified,53.25,0.0,1.0,0.0,110.25,0.0,4.0,1.0,1.0,1.0,1.0,0.0,1.0,90.0,1.0,110.25,110.32253849508722,lower,Lower height group (42–65 cm),lower,Lower height group (42–65 cm),True,True,False,False,True,outside_cabinet_xy_projection,within_cabinet_vertical_extent,Estimated symmetric ± limits; retained separately from the vertical dose-rate uncertainty,Studsvik AE 2202 D indicated neutron dose-equivalent rate,AE 2202 D,23.99251247920133,0.6089788511217575,0.6089788511217575
scan,P3,P3_x114_h45,114.0,45.0,,1,601,10.0,NF_P3_x_114_y_45_10_min_mrem.csv,False,0,1.0,0,13.19467554076539,10.929030374933424,0.4458044476573899,,,0.4458044476573899,,not_repeated,False,False,pooled reading-level SEM,13.19467554076539,0.4458044476573899,0.4458044476573899,0.4458044476573899,0.5,0.09212147505241078,12.69467554076539,0.4552229911998541,0.4552229911998541,0.4552229911998541,1.269467554076539,0.04552229911998541,27.886718786556443,True,True,True,False,valid,no quality issue identified,53.25,0.0,1.0,0.0,167.25,0.0,4.0,1.0,1.0,1.0,1.0,0.0,1.0,90.0,1.0,167.25,167.29782574797557,lower,Lower height group (42–65 cm),lower,Lower height group (42–65 cm),True,True,False,False,True,outside_cabinet_xy_projection,within_cabinet_vertical_extent,Estimated symmetric ± limits; retained separately from the vertical dose-rate uncertainty,Studsvik AE 2202 D indicated neutron dose-equivalent rate,AE 2202 D,12.69467554076539,0.4552229911998541,0.4552229911998541
scan,P3,P3_x176_h45,176.0,45.0,,1,600,10.0,NF_P3_x_176_y_45_10_min_mrem.csv,False,0,1.0,0,7.916666666666667,8.960666537534118,0.3658176795365046,,,0.3658176795365046,,not_repeated,False,False,pooled reading-level SEM,7.916666666666667,0.3658176795365046,0.3658176795365046,0.3658176795365046,0.5,0.09212147505241078,7.416666666666667,0.3772385728253471,0.3772385728253471,0.3772385728253471,0.7416666666666667,0.03772385728253471,19.660414392725464,True,True,True,False,valid,no quality issue identified,53.25,0.0,1.0,0.0,229.25,0.0,4.0,1.0,1.0,1.0,1.0,0.0,1.0,90.0,1.0,229.25,229.28489374575028,lower,Lower height group (42–65 cm),lower,Lower height group (42–65 cm),True,True,False,False,True,outside_cabinet_xy_projection,within_cabinet_vertical_extent,Estimated symmetric ± limits; retained separately from the vertical dose-rate uncertainty,Studsvik AE 2202 D indicated neutron dose-equivalent rate,AE 2202 D,7.416666666666667,0.3772385728253471,0.3772385728253471
scan,P3,P3_x199_h45,199.0,45.0,,1,601,10.0,NF_P3_x_199_y_45_10_min_mrem.csv,False,0,1.0,0,6.372712146422629,7.691175948145742,0.31372961074964545,,,0.31372961074964545,,not_repeated,False,False,pooled reading-level SEM,6.372712146422629,0.31372961074964545,0.31372961074964545,0.31372961074964545,0.5,0.09212147505241078,5.872712146422629,0.3269749758421216,0.3269749758421216,0.3269749758421216,0.5872712146422628,0.03269749758421216,17.960738834210485,True,True,True,False,valid,no quality issue identified,53.25,0.0,1.0,0.0,252.25,0.0,4.0,1.0,1.0,1.0,1.0,0.0,1.0,90.0,1.0,252.25,252.2817125754461,lower,Lower height group (42–65 cm),lower,Lower height group (42–65 cm),True,True,False,False,True,outside_cabinet_xy_projection,within_cabinet_vertical_extent,Estimated symmetric ± limits; retained separately from the vertical dose-rate uncertainty,Studsvik AE 2202 D indicated neutron dose-equivalent rate,AE 2202 D,5.872712146422629,0.3269749758421216,0.3269749758421216
scan,P3,P3_x225_h45,225.0,45.0,,1,601,10.0,NF_P3_x_225_y_45_10_min_mrem.csv,False,0,1.0,0,5.906821963394343,7.908938195690377,0.3226123181039892,,,0.3226123181039892,,not_repeated,False,False,pooled reading-level SEM,5.906821963394343,0.3226123181039892,0.3226123181039892,0.3226123181039892,0.5,0.09212147505241078,5.406821963394343,0.3355071891305184,0.3355071891305184,0.3355071891305184,0.5406821963394343,0.03355071891305184,16.115368428933994,True,True,True,False,valid,no quality issue identified,53.25,0.0,1.0,0.0,278.25,0.0,4.0,1.0,1.0,1.0,1.0,0.0,1.0,90.0,1.0,278.25,278.27874963784063,lower,Lower height group (42–65 cm),lower,Lower height group (42–65 cm),True,True,False,False,True,outside_cabinet_xy_projection,within_cabinet_vertical_extent,Estimated symmetric ± limits; retained separately from the vertical dose-rate uncertainty,Studsvik AE 2202 D indicated neutron dose-equivalent rate,AE 2202 D,5.406821963394343,0.3355071891305184,0.3355071891305184
scan,P3,P3_x300_h45,300.0,45.0,,1,601,10.0,NF_P3_x_300_y_45_10_min_mrem.csv,False,0,1.0,0,3.3111480865224623,5.643700811202448,0.23021135787601812,,,0.23021135787601812,,not_repeated,False,False,pooled reading-level SEM,3.3111480865224623,0.23021135787601812,0.23021135787601812,0.23021135787601812,0.5,0.09212147505241078,2.8111480865224623,0.2479589390624021,0.2479589390624021,0.2479589390624021,0.28111480865224625,0.02479589390624021,11.337151615312406,True,True,True,False,valid,no quality issue identified,53.25,0.0,1.0,0.0,353.25,0.0,4.0,1.0,1.0,1.0,1.0,0.0,1.0,90.0,1.0,353.25,353.27264612477427,lower,Lower height group (42–65 cm),lower,Lower height group (42–65 cm),True,True,False,False,True,outside_cabinet_xy_projection,within_cabinet_vertical_extent,Estimated symmetric ± limits; retained separately from the vertical dose-rate uncertainty,Studsvik AE 2202 D indicated neutron dose-equivalent rate,AE 2202 D,2.8111480865224623,0.2479589390624021,0.2479589390624021
scan,P4,P4_x0_h42,0.0,42.0,,2,1200,20.0,NF_P4_x_0_y_42_10_min_LONG_2_mrem.csv; NF_P4_x_0_y_42_10_min_LONG_mrem.csv,False,0,1.0,0,43.641666666666666,24.120664085360946,0.696303595135784,0.5539003119294609,0.39166666666666566,0.696303595135784,0.5623336877395448,consistent_within_2sigma,True,False,pooled reading-level SEM,43.641666666666666,0.696303595135784,0.696303595135784,0.696303595135784,0.5,0.09212147505241078,43.141666666666666,0.702371029275019,0.702371029275019,0.702371029275019,4.314166666666667,0.0702371029275019,61.42290166950237,True,True,True,False,valid,no quality issue identified,50.10139789775538,41.10139789775538,0.7071067811865475,0.7071067811865475,50.10139789775538,41.10139789775538,1.0,1.0,1.0,1.0,0.7071067811865475,0.7071067811865475,1.0,90.0,1.0,64.80335624378431,64.81107143427593,lower,Lower height group (42–65 cm),lower,Lower height group (42–65 cm),True,True,False,False,True,outside_cabinet_xy_projection,within_cabinet_vertical_extent,Estimated symmetric ± limits; retained separately from the vertical dose-rate uncertainty,Studsvik AE 2202 D indicated neutron dose-equivalent rate,AE 2202 D,43.141666666666666,0.702371029275019,0.702371029275019
scan,P4,P4_x20_h42,20.0,42.0,,1,600,10.0,NF_P4_x_20_y_42_10_min_LONG_mrem.csv,False,0,1.0,0,27.933333333333334,16.24300714227291,0.6631179897825232,,,0.6631179897825232,,not_repeated,False,False,pooled reading-level SEM,27.933333333333334,0.6631179897825232,0.6631179897825232,0.6631179897825232,0.5,0.09212147505241078,27.433333333333334,0.6694862467138862,0.6694862467138862,0.6694862467138862,2.743333333333333,0.06694862467138862,40.976694395123744,True,True,True,False,valid,no quality issue identified,50.10139789775538,41.10139789775538,0.7071067811865475,0.7071067811865475,64.24353352148633,55.243533521486334,1.0,1.0,1.0,1.0,0.7071067811865475,0.7071067811865475,1.0,90.0,1.0,84.72944939786828,84.73535032833654,lower,Lower height group (42–65 cm),lower,Lower height group (42–65 cm),True,True,False,False,True,outside_cabinet_xy_projection,within_cabinet_vertical_extent,Estimated symmetric ± limits; retained separately from the vertical dose-rate uncertainty,Studsvik AE 2202 D indicated neutron dose-equivalent rate,AE 2202 D,27.433333333333334,0.6694862467138862,0.6694862467138862
scan,P4,P4_x71_h42,71.0,42.0,,1,601,10.0,NF_P4_x_71_y_42_10_min_LONG_mrem.csv,False,0,1.0,0,72.39600665557404,72.48620271490722,2.9567738816260416,,,2.9567738816260416,,not_repeated,False,False,pooled reading-level SEM,72.39600665557404,2.9567738816260416,2.9567738816260416,2.9567738816260416,0.5,0.09212147505241078,71.89600665557404,2.9582086054285894,2.9582086054285894,2.9582086054285894,7.189600665557404,0.29582086054285894,24.30390017919566,True,True,True,False,valid,no quality issue identified,50.10139789775538,41.10139789775538,0.7071067811865475,0.7071067811865475,100.30597936200024,91.30597936200024,1.0,1.0,1.0,1.0,0.7071067811865475,0.7071067811865475,1.0,90.0,1.0,135.63949042599663,135.64317661800771,lower,Lower height group (42–65 cm),lower,Lower height group (42–65 cm),True,True,False,False,True,outside_cabinet_xy_projection,within_cabinet_vertical_extent,Estimated symmetric ± limits; retained separately from the vertical dose-rate uncertainty,Studsvik AE 2202 D indicated neutron dose-equivalent rate,AE 2202 D,71.89600665557404,2.9582086054285894,2.9582086054285894
scan,P4,P4_x85_h45,85.0,45.0,,2,1201,20.0,NF_P4_x_85_y_45_10_min_mrem.csv; NF_P4_x_85_y_45_10_min_ny_mrem.csv,False,0,1.0,0,13.422148209825146,11.82634667658116,0.34125506186408716,1.3030295510218004,0.9213810316139774,0.9213810316139774,2.7072945874790943,review_required,True,True,between-file SEM,13.422148209825146,0.34125506186408716,0.9213810316139774,0.9213810316139774,0.5,0.09212147505241078,12.922148209825146,0.3534704845014558,0.925974822327189,0.925974822327189,1.2922148209825146,0.0925974822327189,13.955183119718955,True,True,True,True,review_required,between-file variation exceeds the 2-sigma repeatability criterion,50.10139789775538,41.10139789775538,0.7071067811865475,0.7071067811865475,110.20547429861192,101.20547429861192,4.0,1.0,1.0,1.0,0.7071067811865475,0.7071067811865475,1.0,90.0,1.0,149.62551451336435,149.6789717809052,lower,Lower height group (42–65 cm),lower,Lower height group (42–65 cm),True,True,False,False,True,outside_cabinet_xy_projection,within_cabinet_vertical_extent,Estimated symmetric ± limits; retained separately from the vertical dose-rate uncertainty,Studsvik AE 2202 D indicated neutron dose-equivalent rate,AE 2202 D,12.922148209825146,0.925974822327189,0.925974822327189
scan,P5,P5_x0_h45,0.0,45.0,,4,1826,2900.0,NF_P5_x_0_y_45_10_24h_min.csv; NF_P5_x_0_y_45_10_min.csv; NF_P5_x_0_y_45_10_min_2.csv; NF_P5_x_0_y_45_10_min_24h.csv,True,2,1.0,0,251.3745892661555,76.8262575723361,1.7978741634030047,41.2003448950125,20.60017244750625,20.60017244750625,19.216267758888506,review_required,True,True,between-file SEM,251.3745892661555,1.7978741634030047,20.60017244750625,20.60017244750625,0.5,0.09212147505241078,250.8745892661555,1.800232727621039,20.600378424513504,20.600378424513504,25.08745892661555,2.0600378424513504,12.178154405533942,True,True,True,True,review_required,between-file variation exceeds the 2-sigma repeatability criterion,0.0,44.25,0.0,1.0,0.0,44.25,4.0,1.0,1.0,1.0,0.0,1.0,1.0,90.0,1.0,44.25,44.430423135504796,lower,Lower height group (42–65 cm),lower,Lower height group (42–65 cm),True,True,False,False,True,outside_cabinet_xy_projection,within_cabinet_vertical_extent,Estimated symmetric ± limits; retained separately from the vertical dose-rate uncertainty,Studsvik AE 2202 D indicated neutron dose-equivalent rate,AE 2202 D,250.8745892661555,20.600378424513504,20.600378424513504
scan,P5,P5_x6_h45,6.0,45.0,,1,600,10.0,NF_P5_x_6_y_45_10_min.csv,False,0,1.0,0,194.06666666666666,54.38497124559807,2.2202571537941758,,,2.2202571537941758,,not_repeated,False,False,pooled reading-level SEM,194.06666666666666,2.2202571537941758,2.2202571537941758,2.2202571537941758,0.5,0.09212147505241078,193.56666666666666,2.2221674543427294,2.2221674543427294,2.2221674543427294,19.356666666666666,0.22221674543427294,87.10714680317358,True,True,True,False,valid,no quality issue identified,0.0,44.25,0.0,1.0,0.0,50.25,4.0,1.0,1.0,1.0,0.0,1.0,1.0,90.0,1.0,50.25,50.40895257789037,lower,Lower height group (42–65 cm),lower,Lower height group (42–65 cm),True,True,False,False,True,outside_cabinet_xy_projection,within_cabinet_vertical_extent,Estimated symmetric ± limits; retained separately from the vertical dose-rate uncertainty,Studsvik AE 2202 D indicated neutron dose-equivalent rate,AE 2202 D,193.56666666666666,2.2221674543427294,2.2221674543427294
