measurement_kind,position,physical_point_id,distance_cm,height_cm,location_label,number_of_files,total_valid_rows,total_duration_min,files,mean_cps,std_cps,sem_cps,pooled_poisson_sem_cps,between_file_std_cps,between_file_sem_cps,effective_uncertainty_cps,maximum_pairwise_repeat_z,is_repeated_measurement,repeat_agreement_flag,any_file_requires_review
scan,P1,P1_x10_h50,10.0,50.0,,1,600,10.0,G_P1_x_10_y_50_10_min.txt,30.63,7.9287162202655805,0.32368848424965246,0.2259424705539001,,,0.32368848424965246,,False,not_repeated,False
scan,P1,P1_x114_h38,114.0,38.0,,1,600,10.0,G_P1_x_114_y_38_10_min.txt,3.9183333333333334,2.443689133910902,0.09976319113442438,0.08081185281600438,,,0.09976319113442438,,False,not_repeated,False
scan,P1,P1_x124_h45,124.0,45.0,,1,600,10.0,G_P1_x_124_y_45_10_min.txt,5.181666666666667,2.992254423191775,0.12215827529009747,0.09293067906300433,,,0.12215827529009747,,False,not_repeated,False
scan,P1,P1_x13_h45,13.0,45.0,,1,600,10.0,G_P1_x_13_y_45_10_min.txt,42.555,9.748779727584452,0.3979922657895117,0.2663174797117155,,,0.3979922657895117,,False,not_repeated,False
scan,P1,P1_x164_h38,164.0,38.0,,1,600,10.0,G_P1_x_164_y_38_10_min.txt,2.5366666666666666,1.511885760612927,0.06172247771468847,0.0650213640104372,,,0.0650213640104372,,False,not_repeated,False
scan,P1,P1_x184_h42,184.0,42.0,,1,600,10.0,G_P1_x_184_y_42_10_min.txt,3.345,1.9327530167370528,0.07890431149717758,0.07466592261534039,,,0.07890431149717758,,False,not_repeated,False
scan,P1,P1_x203_h42,203.0,42.0,,1,600,10.0,G_P1_x_203_y_42_10_min.txt,3.07,1.8692932073804256,0.07631357562887701,0.07153087911291645,,,0.07631357562887701,,False,not_repeated,False
scan,P1,P1_x30_h38,30.0,38.0,,1,600,10.0,G_P1_x_30_y_38_10min.txt,21.35,6.559156772223419,0.2677764539144681,0.18863545089227882,,,0.2677764539144681,,False,not_repeated,False
scan,P1,P1_x321_h42,321.0,42.0,,1,600,10.0,G_P1_x_321_y_42_10_min.txt,2.0883333333333334,1.0672842709797097,0.04357169790664368,0.05899623340142619,,,0.05899623340142619,,False,not_repeated,False
scan,P1,P1_x334_h38,334.0,38.0,,1,600,10.0,G_P1_x_334_y_38_10_min.txt,2.035,0.8030253729382638,0.03278337357011522,0.05823801736552049,,,0.05823801736552049,,False,not_repeated,False
scan,P1,P1_x420_h42,420.0,42.0,,1,600,10.0,G_P1_x_420_y_42_10_min.txt,1.9633333333333334,0.8039897728289697,0.032822745030785645,0.05720334100576838,,,0.05720334100576838,,False,not_repeated,False
scan,P1,P1_x57_h45,57.0,45.0,,1,600,10.0,G_P1_x_57_y_45_10_min.txt,13.405,4.987896033874526,0.2036300028840758,0.149471290442903,,,0.2036300028840758,,False,not_repeated,False
scan,P1,P1_x6_h50,6.0,50.0,,1,600,10.0,G_P1_x_6_y_50_10_min.txt,57.348333333333336,11.87273910176248,0.4847025441417993,0.3091610511619398,,,0.4847025441417993,,False,not_repeated,False
scan,P1,P1_x75_h38,75.0,38.0,,1,600,10.0,G_P1_x_75_y_38_10_min.txt,7.336666666666667,3.682742620779664,0.15034733791517044,0.11057928276932247,,,0.15034733791517044,,False,not_repeated,False
scan,P1,P1_x87_h38,87.0,38.0,,1,600,10.0,G_P1_x_87_y_38_10_min.txt,4.836666666666667,2.8059064025947884,0.11455064920609302,0.08978369067437088,,,0.11455064920609302,,False,not_repeated,False
scan,P2,P2_x114_h65,114.0,65.0,,1,600,10.0,G_P2_x_114_y_65_10_min.txt,2.9383333333333335,1.8184357021609843,0.07423732667256762,0.06998015591739006,,,0.07423732667256762,,False,not_repeated,False
scan,P2,P2_x176_h65,176.0,65.0,,1,600,10.0,G_P2_x_176_y_65_10_min.txt,2.4233333333333333,1.4494678854003287,0.05917427862969547,0.06355225321645873,,,0.06355225321645873,,False,not_repeated,False
scan,P2,P2_x176_h85,176.0,85.0,,1,600,10.0,G_P2_x_176_y_85_10_min.txt,2.328333333333333,1.2987205295644155,0.05302004359849955,0.062294105303435855,,,0.062294105303435855,,False,not_repeated,False
scan,P2,P2_x199_h65,199.0,65.0,,1,600,10.0,G_P2_x_199_y_65_10_min.txt,2.2716666666666665,1.2070454922064795,0.049277425870540736,0.061531383139915775,,,0.061531383139915775,,False,not_repeated,False
scan,P2,P2_x200_h85,200.0,85.0,,1,600,10.0,G_P2_x_200_y_85_10_min.txt,2.235,1.1656355249226076,0.04758687103536022,0.06103277807866852,,,0.06103277807866852,,False,not_repeated,False
scan,P2,P2_x2_h65,2.0,65.0,,1,600,10.0,G_P2_x_2_y_65_10_min.txt,7.575,3.4930469930266455,0.14260304634130652,0.11236102527122116,,,0.14260304634130652,,False,not_repeated,False
scan,P2,P2_x321_h65,321.0,65.0,,1,600,10.0,G_P2_x_321_y_65_10_min.txt,2.0566666666666666,0.7860143678922866,0.03208890219720599,0.058547226900834325,,,0.058547226900834325,,False,not_repeated,False
scan,P2,P2_x321_h85,321.0,85.0,,1,600,10.0,G_P2_x_321_y_85_10_min.txt,1.965,0.8009437255007569,0.03269839066934416,0.05722761571129799,,,0.05722761571129799,,False,not_repeated,False
scan,P2,P2_x400_h85,400.0,85.0,,1,600,10.0,G_P2_x_400_y_85_10_min.txt,1.925,0.6403580488428822,0.026142507872488153,0.056642151559888096,,,0.056642151559888096,,False,not_repeated,False
scan,P2,P2_x400_h98,400.0,98.0,,1,600,10.0,G_P2_x_400_y_98_10_min_24h.txt,1.915,0.6259083549380869,0.02555260158905228,0.05649483752226098,,,0.05649483752226098,,False,not_repeated,False
scan,P2,P2_x420_h65,420.0,65.0,,1,600,10.0,G_P2_x_420_y_65_10_min.txt,1.9116666666666666,0.6490243523207723,0.02649630823043712,0.056445647406253664,,,0.056445647406253664,,False,not_repeated,False
scan,P2,P2_x57_h65,57.0,65.0,,1,600,10.0,G_P2_x_57_y_65_10_min.txt,4.455,2.5269119110772156,0.10316074678500463,0.08616843969807043,,,0.10316074678500463,,False,not_repeated,False
scan,P3,P3_x114_h64,114.0,64.0,,1,600,10.0,G_P3_x_114_y_64_10_min.txt,2.401666666666667,1.3303936011994382,0.054313091333373295,0.06326750965367435,,,0.06326750965367435,,False,not_repeated,False
scan,P3,P3_x176_h45,176.0,45.0,,1,600,10.0,G_P3_x_176_y_45_10_min.txt,2.098333333333333,1.036236877842396,0.042304193389476906,0.059137316664033907,,,0.059137316664033907,,False,not_repeated,False
scan,P3,P3_x176_h88,176.0,88.0,,1,600,10.0,G_P3_x_176_y_88_10_min.txt,2.0933333333333333,1.0114315986198474,0.04129152210576848,0.0590668171555645,,,0.0590668171555645,,False,not_repeated,False
scan,P3,P3_x199_h45,199.0,45.0,,1,600,10.0,G_P3_x_199_y_45_10_min.txt,2.015,0.8771491612520312,0.03580946455629531,0.057951128835712365,,,0.057951128835712365,,False,not_repeated,False
scan,P3,P3_x225_h45,225.0,45.0,,1,600,10.0,G_P3_x_225_y_45_10_min.txt,2.013333333333333,0.8392433723015883,0.03426196720252508,0.057927157323275885,,,0.057927157323275885,,False,not_repeated,False
scan,P3,P3_x320_h45,320.0,45.0,,1,600,10.0,G_P3_x_320_y_45_10_min.txt,1.9916666666666667,0.6549647728274888,0.02673882488208747,0.05761462005814535,,,0.05761462005814535,,False,not_repeated,False
scan,P3,P3_x320_h65,320.0,65.0,,1,600,10.0,G_P3_x_320_y_65_10_min.txt,2.013333333333333,0.6380967805836412,0.02605019198237662,0.057927157323275885,,,0.057927157323275885,,False,not_repeated,False
scan,P3,P3_x57_h64,57.0,64.0,,1,600,10.0,G_P3_x_57_y_64_10_min.txt,3.55,2.093993317409488,0.08548691920751766,0.0769198717280955,,,0.08548691920751766,,False,not_repeated,False
scan,P3,P3_x5_h64,5.0,64.0,,1,600,10.0,G_P3_x_5_y_64_10_min.txt,9.985,4.176982999522163,0.17052461688515416,0.12900258395344905,,,0.17052461688515416,,False,not_repeated,False
scan,P4,P4_x0_h58,0.0,58.0,,1,600,10.0,G_P4_x_0_y_58_10_min.txt,4.4783333333333335,2.445300877777686,0.0998289903022524,0.0863938012179629,,,0.0998289903022524,,False,not_repeated,False
scan,P4,P4_x138_h105,138.0,105.0,,1,600,10.0,G_P4_x_138_y_105_10_min.txt,2.0,0.8648197434423813,0.03530611818197488,0.05773502691896258,,,0.05773502691896258,,False,not_repeated,False
scan,P4,P4_x20_h58,20.0,58.0,,1,600,10.0,G_P4_x_20_y_58_10_min.txt,3.763333333333333,2.3487265520382112,0.09588635996366832,0.07919736247011148,,,0.09588635996366832,,False,not_repeated,False
scan,P4,P4_x71_h58,71.0,58.0,,1,600,10.0,G_P4_x_71_y_58_10_min.txt,2.685,1.5737119438248206,0.06424652107490458,0.06689544080129825,,,0.06689544080129825,,False,not_repeated,False
scan,P5,P5_x0_h40,0.0,40.0,,1,600,10.0,G_P5_x_0_y_40_10_min.txt,25.578333333333333,7.139010646481288,0.29144888920293033,0.20647168221224807,,,0.29144888920293033,,False,not_repeated,False
scan,P5,P5_x6_h40,6.0,40.0,,1,600,10.0,G_P5_x_6_y_40_10_min.txt,20.53,6.428424462373919,0.262439329714023,0.1849774761063267,,,0.262439329714023,,False,not_repeated,False
scan,P5,P5_x6_h50,6.0,50.0,,1,600,10.0,G_P5_x_6_y_50_10_min.txt,18.101666666666667,5.774389131208593,0.2357384491289019,0.1736935359892372,,,0.2357384491289019,,False,not_repeated,False
scan,P5,P5_x6_h60,6.0,60.0,,1,600,10.0,G_P5_x_6_y_60_10_min.txt,16.345,5.468926487731728,0.22326798892890165,0.16505049732329397,,,0.22326798892890165,,False,not_repeated,False
scan,P5,P5_x6_h85,6.0,85.0,,1,600,10.0,G_P5_x_6_y_85_10_min.txt,16.253333333333334,5.318172664525387,0.21711348986841367,0.1645870252750468,,,0.21711348986841367,,False,not_repeated,False
