point_name,position,distance_cm,height_cm,common_dose_x_cm,common_dose_y_cm,common_dose_z_cm,gamma_flux_x_cm,gamma_flux_y_cm,gamma_flux_z_cm,analysis_height_interval,analysis_height_interval_label,target_grid_origin,geometry_reconstruction_mode
P1_x0_h42,P1,0.0,42.0,0.0,-44.25,1.0,0.0,-35.405,1.0,lower,Lower height interval (38–65 cm),Notebook 3 target point,original Notebook 3 geometry
P1_x4_h42,P1,4.0,42.0,0.0,-48.25,1.0,0.0,-39.405,1.0,lower,Lower height interval (38–65 cm),Notebook 3 target point,original Notebook 3 geometry
P1_x57_h42,P1,57.0,42.0,0.0,-101.25,1.0,0.0,-92.405,1.0,lower,Lower height interval (38–65 cm),Notebook 3 target point,original Notebook 3 geometry
P1_x114_h42,P1,114.0,42.0,0.0,-158.25,1.0,0.0,-149.405,1.0,lower,Lower height interval (38–65 cm),Notebook 3 target point,original Notebook 3 geometry
P1_x176_h42,P1,176.0,42.0,0.0,-220.25,1.0,0.0,-211.405,1.0,lower,Lower height interval (38–65 cm),Notebook 3 target point,original Notebook 3 geometry
P1_x199_h42,P1,199.0,42.0,0.0,-243.25,1.0,0.0,-234.405,1.0,lower,Lower height interval (38–65 cm),Notebook 3 target point,original Notebook 3 geometry
P1_x320_h42,P1,320.0,42.0,0.0,-364.25,1.0,0.0,-355.405,1.0,lower,Lower height interval (38–65 cm),Notebook 3 target point,original Notebook 3 geometry
P1_x420_h42,P1,420.0,42.0,0.0,-464.25,1.0,0.0,-455.405,1.0,lower,Lower height interval (38–65 cm),Notebook 3 target point,original Notebook 3 geometry
P1_x0_h85,P1,0.0,85.0,0.0,-44.25,44.0,0.0,-35.405,44.0,upper,Upper height interval (85–113 cm),Notebook 3 target point,original Notebook 3 geometry
P1_x4_h85,P1,4.0,85.0,0.0,-48.25,44.0,0.0,-39.405,44.0,upper,Upper height interval (85–113 cm),Notebook 3 target point,original Notebook 3 geometry
P1_x7_h85,P1,7.0,85.0,0.0,-51.25,44.0,0.0,-42.405,44.0,upper,Upper height interval (85–113 cm),Notebook 3 target point,original Notebook 3 geometry
P1_x57_h85,P1,57.0,85.0,0.0,-101.25,44.0,0.0,-92.405,44.0,upper,Upper height interval (85–113 cm),Notebook 3 target point,original Notebook 3 geometry
P1_x114_h85,P1,114.0,85.0,0.0,-158.25,44.0,0.0,-149.405,44.0,upper,Upper height interval (85–113 cm),Notebook 3 target point,original Notebook 3 geometry
P1_x176_h85,P1,176.0,85.0,0.0,-220.25,44.0,0.0,-211.405,44.0,upper,Upper height interval (85–113 cm),Notebook 3 target point,original Notebook 3 geometry
P1_x199_h85,P1,199.0,85.0,0.0,-243.25,44.0,0.0,-234.405,44.0,upper,Upper height interval (85–113 cm),Notebook 3 target point,original Notebook 3 geometry
P1_x320_h85,P1,320.0,85.0,0.0,-364.25,44.0,0.0,-355.405,44.0,upper,Upper height interval (85–113 cm),Notebook 3 target point,original Notebook 3 geometry
P1_x420_h85,P1,420.0,85.0,0.0,-464.25,44.0,0.0,-455.405,44.0,upper,Upper height interval (85–113 cm),Notebook 3 target point,original Notebook 3 geometry
P2_x2_h55,P2,2.0,55.0,51.51561146012848,-42.51561146012848,14.0,45.261251980533466,-36.261251980533466,14.0,lower,Lower height interval (38–65 cm),Notebook 3 target point,original Notebook 3 geometry
P2_x57_h55,P2,57.0,55.0,90.40648442538858,-81.40648442538858,14.0,84.15212494579359,-75.15212494579359,14.0,lower,Lower height interval (38–65 cm),Notebook 3 target point,original Notebook 3 geometry
P2_x114_h55,P2,114.0,55.0,130.7115709530218,-121.7115709530218,14.0,124.4572114734268,-115.4572114734268,14.0,lower,Lower height interval (38–65 cm),Notebook 3 target point,original Notebook 3 geometry
P2_x176_h55,P2,176.0,55.0,174.55219138658774,-165.55219138658774,14.0,168.29783190699274,-159.29783190699274,14.0,lower,Lower height interval (38–65 cm),Notebook 3 target point,original Notebook 3 geometry
P2_x199_h55,P2,199.0,55.0,190.81564735387835,-181.81564735387835,14.0,184.56128787428327,-175.56128787428332,14.0,lower,Lower height interval (38–65 cm),Notebook 3 target point,original Notebook 3 geometry
P2_x321_h55,P2,321.0,55.0,277.0826746586372,-268.0826746586372,14.0,270.82831517904214,-261.82831517904214,14.0,lower,Lower height interval (38–65 cm),Notebook 3 target point,original Notebook 3 geometry
P2_x420_h55,P2,420.0,55.0,347.0862459961053,-338.0862459961053,14.0,340.83188651651034,-331.83188651651034,14.0,lower,Lower height interval (38–65 cm),Notebook 3 target point,original Notebook 3 geometry
P2_x0_h85,P2,0.0,85.0,50.10139789775538,-41.10139789775538,44.0,43.84703841816037,-34.84703841816037,44.0,upper,Upper height interval (85–113 cm),Notebook 3 target point,original Notebook 3 geometry
P2_x5_h85,P2,5.0,85.0,53.63693180368812,-44.63693180368812,44.0,47.38257232409311,-38.38257232409311,44.0,upper,Upper height interval (85–113 cm),Notebook 3 target point,original Notebook 3 geometry
P2_x30_h85,P2,30.0,85.0,71.3146013333518,-62.3146013333518,44.0,65.06024185375679,-56.0602418537568,44.0,upper,Upper height interval (85–113 cm),Notebook 3 target point,original Notebook 3 geometry
P2_x57_h85,P2,57.0,85.0,90.40648442538858,-81.40648442538858,44.0,84.15212494579359,-75.15212494579359,44.0,upper,Upper height interval (85–113 cm),Notebook 3 target point,original Notebook 3 geometry
P2_x114_h85,P2,114.0,85.0,130.7115709530218,-121.7115709530218,44.0,124.4572114734268,-115.4572114734268,44.0,upper,Upper height interval (85–113 cm),Notebook 3 target point,original Notebook 3 geometry
P2_x156_h85,P2,156.0,85.0,160.4100557628568,-151.4100557628568,44.0,154.1556962832618,-145.1556962832618,44.0,upper,Upper height interval (85–113 cm),Notebook 3 target point,original Notebook 3 geometry
P2_x176_h85,P2,176.0,85.0,174.55219138658774,-165.55219138658774,44.0,168.29783190699274,-159.29783190699274,44.0,upper,Upper height interval (85–113 cm),Notebook 3 target point,original Notebook 3 geometry
P2_x199_h85,P2,199.0,85.0,190.81564735387835,-181.81564735387835,44.0,184.56128787428327,-175.56128787428332,44.0,upper,Upper height interval (85–113 cm),Notebook 3 target point,original Notebook 3 geometry
P2_x300_h85,P2,300.0,85.0,262.2334322537196,-253.23343225371963,44.0,255.97907277412463,-246.97907277412463,44.0,upper,Upper height interval (85–113 cm),Notebook 3 target point,original Notebook 3 geometry
P2_x321_h85,P2,321.0,85.0,277.0826746586372,-268.0826746586372,44.0,270.82831517904214,-261.82831517904214,44.0,upper,Upper height interval (85–113 cm),Notebook 3 target point,original Notebook 3 geometry
P3_x0_h45,P3,0.0,45.0,53.25,0.0,4.0,44.405,0.0,4.0,lower,Lower height interval (38–65 cm),Notebook 3 target point,original Notebook 3 geometry
P3_x5_h45,P3,5.0,45.0,58.25,0.0,4.0,49.405,0.0,4.0,lower,Lower height interval (38–65 cm),Notebook 3 target point,original Notebook 3 geometry
P3_x57_h45,P3,57.0,45.0,110.25,0.0,4.0,101.405,0.0,4.0,lower,Lower height interval (38–65 cm),Notebook 3 target point,original Notebook 3 geometry
P3_x114_h45,P3,114.0,45.0,167.25,0.0,4.0,158.405,0.0,4.0,lower,Lower height interval (38–65 cm),Notebook 3 target point,original Notebook 3 geometry
P3_x176_h45,P3,176.0,45.0,229.25,0.0,4.0,220.405,0.0,4.0,lower,Lower height interval (38–65 cm),Notebook 3 target point,original Notebook 3 geometry
P3_x199_h45,P3,199.0,45.0,252.25,0.0,4.0,243.405,0.0,4.0,lower,Lower height interval (38–65 cm),Notebook 3 target point,original Notebook 3 geometry
P3_x225_h45,P3,225.0,45.0,278.25,0.0,4.0,269.405,0.0,4.0,lower,Lower height interval (38–65 cm),Notebook 3 target point,original Notebook 3 geometry
P3_x300_h45,P3,300.0,45.0,353.25,0.0,4.0,344.405,0.0,4.0,lower,Lower height interval (38–65 cm),Notebook 3 target point,original Notebook 3 geometry
P3_x0_h85,P3,0.0,85.0,53.25,0.0,44.0,44.405,0.0,44.0,upper,Upper height interval (85–113 cm),Notebook 3 target point,original Notebook 3 geometry
P3_x5_h85,P3,5.0,85.0,58.25,0.0,44.0,49.405,0.0,44.0,upper,Upper height interval (85–113 cm),Notebook 3 target point,original Notebook 3 geometry
P3_x57_h85,P3,57.0,85.0,110.25,0.0,44.0,101.405,0.0,44.0,upper,Upper height interval (85–113 cm),Notebook 3 target point,original Notebook 3 geometry
P3_x100_h85,P3,100.0,85.0,153.25,0.0,44.0,144.405,0.0,44.0,upper,Upper height interval (85–113 cm),Notebook 3 target point,original Notebook 3 geometry
P3_x114_h85,P3,114.0,85.0,167.25,0.0,44.0,158.405,0.0,44.0,upper,Upper height interval (85–113 cm),Notebook 3 target point,original Notebook 3 geometry
P3_x176_h85,P3,176.0,85.0,229.25,0.0,44.0,220.405,0.0,44.0,upper,Upper height interval (85–113 cm),Notebook 3 target point,original Notebook 3 geometry
P3_x200_h85,P3,200.0,85.0,253.25,0.0,44.0,244.405,0.0,44.0,upper,Upper height interval (85–113 cm),Notebook 3 target point,original Notebook 3 geometry
P3_x225_h85,P3,225.0,85.0,278.25,0.0,44.0,269.405,0.0,44.0,upper,Upper height interval (85–113 cm),Notebook 3 target point,original Notebook 3 geometry
P3_x300_h85,P3,300.0,85.0,353.25,0.0,44.0,344.405,0.0,44.0,upper,Upper height interval (85–113 cm),Notebook 3 target point,original Notebook 3 geometry
P3_x400_h85,P3,400.0,85.0,453.25,0.0,44.0,444.405,0.0,44.0,upper,Upper height interval (85–113 cm),Notebook 3 target point,original Notebook 3 geometry
P4_x0_h42,P4,0.0,42.0,50.10139789775538,41.10139789775538,1.0,43.84703841816037,34.84703841816037,1.0,lower,Lower height interval (38–65 cm),Notebook 3 target point,original Notebook 3 geometry
P4_x20_h42,P4,20.0,42.0,64.24353352148633,55.243533521486334,1.0,57.98917404189133,48.98917404189133,1.0,lower,Lower height interval (38–65 cm),Notebook 3 target point,original Notebook 3 geometry
P4_x71_h42,P4,71.0,42.0,100.30597936200024,91.30597936200024,1.0,94.05161988240523,85.05161988240525,1.0,lower,Lower height interval (38–65 cm),Notebook 3 target point,original Notebook 3 geometry
P4_x85_h45,P4,85.0,45.0,110.20547429861192,101.20547429861192,4.0,103.95111481901692,94.95111481901692,4.0,lower,Lower height interval (38–65 cm),Notebook 3 target point,original Notebook 3 geometry
P4_x152_h113,P4,152.0,113.0,157.5816286381106,148.5816286381106,72.0,151.3272691585156,142.3272691585156,72.0,upper,Upper height interval (85–113 cm),Notebook 3 target point,original Notebook 3 geometry
P5_x0_h45,P5,0.0,45.0,0.0,44.25,4.0,0.0,35.405,4.0,lower,Lower height interval (38–65 cm),Notebook 3 target point,original Notebook 3 geometry
P5_x6_h45,P5,6.0,45.0,0.0,50.25,4.0,0.0,41.405,4.0,lower,Lower height interval (38–65 cm),Notebook 3 target point,original Notebook 3 geometry
P5_x0_h85,P5,0.0,85.0,0.0,44.25,44.0,0.0,35.405,44.0,upper,Upper height interval (85–113 cm),Notebook 3 target point,original Notebook 3 geometry
P5_x6_h85,P5,6.0,85.0,0.0,50.25,44.0,0.0,41.405,44.0,upper,Upper height interval (85–113 cm),Notebook 3 target point,original Notebook 3 geometry
