radiation_type,position,physical_point_id,distance_cm,height_cm,geometry_x_cm,geometry_y_cm,geometry_z_cm,instrument_model,measurement_quantity,response_reference,instrument_orientation_deg,instrument_orientation_limit_deg,reported_rate_uSv_h,reported_rate_uncertainty_uSv_h,above_background_2sigma,horizontal_position_limit_cm,height_position_limit_cm,analysis_height_interval,analysis_height_interval_label,source_table,source_rate_column,source_uncertainty_column,source_significance_column,source_position_limit_column,source_height_limit_column,reported_relative_uncertainty_percent
gamma,P1,P1_x30_h38,30.0,38.0,0.0,-65.405,-3.0,GCA-07W-DL with LND 712 GM tube,detector-indicated Cs-137-equivalent gamma dose rate,LND 712 active-volume centre,0.0,1.0,11.694,0.1641021710324473,True,1.0,1.0,lower,Lower height interval (38–65 cm),/root/Rfys_VI/RFP-master/Bachelor_projekt/NF_AmBe_Parafifn/N4_5_measured_gamma_outputs/tables/measured_gamma_scan_summary_final.csv,detector_indicated_gamma_dose_rate_cs137_equivalent_uSv_h,detector_indicated_gamma_dose_rate_cs137_equivalent_uncertainty_uSv_h,above_background_2sigma,horizontal_line_position_uncertainty_cm,height_uncertainty_cm,1.4033023006024228
gamma,P1,P1_x75_h38,75.0,38.0,0.0,-110.405,-3.0,GCA-07W-DL with LND 712 GM tube,detector-indicated Cs-137-equivalent gamma dose rate,LND 712 active-volume centre,0.0,1.0,3.286,0.0961954049138743,True,1.0,1.0,lower,Lower height interval (38–65 cm),/root/Rfys_VI/RFP-master/Bachelor_projekt/NF_AmBe_Parafifn/N4_5_measured_gamma_outputs/tables/measured_gamma_scan_summary_final.csv,detector_indicated_gamma_dose_rate_cs137_equivalent_uSv_h,detector_indicated_gamma_dose_rate_cs137_equivalent_uncertainty_uSv_h,above_background_2sigma,horizontal_line_position_uncertainty_cm,height_uncertainty_cm,2.9274316772329363
gamma,P1,P1_x87_h38,87.0,38.0,0.0,-122.405,-3.0,GCA-07W-DL with LND 712 GM tube,detector-indicated Cs-137-equivalent gamma dose rate,LND 712 active-volume centre,0.0,1.0,1.7859999999999998,0.0764190188635882,True,1.0,1.0,lower,Lower height interval (38–65 cm),/root/Rfys_VI/RFP-master/Bachelor_projekt/NF_AmBe_Parafifn/N4_5_measured_gamma_outputs/tables/measured_gamma_scan_summary_final.csv,detector_indicated_gamma_dose_rate_cs137_equivalent_uSv_h,detector_indicated_gamma_dose_rate_cs137_equivalent_uncertainty_uSv_h,above_background_2sigma,horizontal_line_position_uncertainty_cm,height_uncertainty_cm,4.278780451488702
gamma,P1,P1_x114_h38,114.0,38.0,0.0,-149.405,-3.0,GCA-07W-DL with LND 712 GM tube,detector-indicated Cs-137-equivalent gamma dose rate,LND 712 active-volume centre,0.0,1.0,1.235,0.0685490331800276,True,1.0,1.0,lower,Lower height interval (38–65 cm),/root/Rfys_VI/RFP-master/Bachelor_projekt/NF_AmBe_Parafifn/N4_5_measured_gamma_outputs/tables/measured_gamma_scan_summary_final.csv,detector_indicated_gamma_dose_rate_cs137_equivalent_uSv_h,detector_indicated_gamma_dose_rate_cs137_equivalent_uncertainty_uSv_h,above_background_2sigma,horizontal_line_position_uncertainty_cm,height_uncertainty_cm,5.550529002431384
gamma,P1,P1_x164_h38,164.0,38.0,0.0,-199.405,-3.0,GCA-07W-DL with LND 712 GM tube,detector-indicated Cs-137-equivalent gamma dose rate,LND 712 active-volume centre,0.0,1.0,0.4059999999999999,0.051361464153585,True,1.0,1.0,lower,Lower height interval (38–65 cm),/root/Rfys_VI/RFP-master/Bachelor_projekt/NF_AmBe_Parafifn/N4_5_measured_gamma_outputs/tables/measured_gamma_scan_summary_final.csv,detector_indicated_gamma_dose_rate_cs137_equivalent_uSv_h,detector_indicated_gamma_dose_rate_cs137_equivalent_uncertainty_uSv_h,above_background_2sigma,horizontal_line_position_uncertainty_cm,height_uncertainty_cm,12.650606934380544
gamma,P1,P1_x334_h38,334.0,38.0,0.0,-369.405,-3.0,GCA-07W-DL with LND 712 GM tube,detector-indicated Cs-137-equivalent gamma dose rate,LND 712 active-volume centre,0.0,1.0,0.105,0.0483425278610872,True,1.0,1.0,lower,Lower height interval (38–65 cm),/root/Rfys_VI/RFP-master/Bachelor_projekt/NF_AmBe_Parafifn/N4_5_measured_gamma_outputs/tables/measured_gamma_scan_summary_final.csv,detector_indicated_gamma_dose_rate_cs137_equivalent_uSv_h,detector_indicated_gamma_dose_rate_cs137_equivalent_uncertainty_uSv_h,above_background_2sigma,horizontal_line_position_uncertainty_cm,height_uncertainty_cm,46.04050272484495
neutron,P1,P1_x0_h42,0.0,42.0,0.0,-44.25,1.0,Studsvik AE 2202 D,detector-indicated neutron dose-equivalent rate,nominal centre of the Studsvik cylindrical moderator,90.0,1.0,541.6,3.762053157806141,True,1.0,1.0,lower,Lower height interval (38–65 cm),/root/Rfys_VI/RFP-master/Bachelor_projekt/NF_AmBe_Parafifn/N4_measured_neutron_outputs/tables/08_measured_dose_rate_plotting_data.csv,detector_indicated_neutron_dose_equivalent_rate_uSv_h,detector_indicated_neutron_dose_equivalent_rate_uncertainty_uSv_h,above_background_2sigma,horizontal_line_position_uncertainty_cm,height_uncertainty_cm,0.6946183821650925
neutron,P1,P1_x4_h42,4.0,42.0,0.0,-48.25,1.0,Studsvik AE 2202 D,detector-indicated neutron dose-equivalent rate,nominal centre of the Studsvik cylindrical moderator,90.0,1.0,470.48333333333335,3.5345340301955304,True,1.0,1.0,lower,Lower height interval (38–65 cm),/root/Rfys_VI/RFP-master/Bachelor_projekt/NF_AmBe_Parafifn/N4_measured_neutron_outputs/tables/08_measured_dose_rate_plotting_data.csv,detector_indicated_neutron_dose_equivalent_rate_uSv_h,detector_indicated_neutron_dose_equivalent_rate_uncertainty_uSv_h,above_background_2sigma,horizontal_line_position_uncertainty_cm,height_uncertainty_cm,0.7512559488884899
neutron,P1,P1_x57_h42,57.0,42.0,0.0,-101.25,1.0,Studsvik AE 2202 D,detector-indicated neutron dose-equivalent rate,nominal centre of the Studsvik cylindrical moderator,90.0,1.0,86.23333333333333,1.9508765015927336,True,1.0,1.0,lower,Lower height interval (38–65 cm),/root/Rfys_VI/RFP-master/Bachelor_projekt/NF_AmBe_Parafifn/N4_measured_neutron_outputs/tables/08_measured_dose_rate_plotting_data.csv,detector_indicated_neutron_dose_equivalent_rate_uSv_h,detector_indicated_neutron_dose_equivalent_rate_uncertainty_uSv_h,above_background_2sigma,horizontal_line_position_uncertainty_cm,height_uncertainty_cm,2.262322962805644
neutron,P1,P1_x114_h42,114.0,42.0,0.0,-158.25,1.0,Studsvik AE 2202 D,detector-indicated neutron dose-equivalent rate,nominal centre of the Studsvik cylindrical moderator,90.0,1.0,29.782861896838604,0.7086974473438605,True,1.0,1.0,lower,Lower height interval (38–65 cm),/root/Rfys_VI/RFP-master/Bachelor_projekt/NF_AmBe_Parafifn/N4_measured_neutron_outputs/tables/08_measured_dose_rate_plotting_data.csv,detector_indicated_neutron_dose_equivalent_rate_uSv_h,detector_indicated_neutron_dose_equivalent_rate_uncertainty_uSv_h,above_background_2sigma,horizontal_line_position_uncertainty_cm,height_uncertainty_cm,2.3795478413009308
neutron,P1,P1_x176_h42,176.0,42.0,0.0,-220.25,1.0,Studsvik AE 2202 D,detector-indicated neutron dose-equivalent rate,nominal centre of the Studsvik cylindrical moderator,90.0,1.0,17.45341098169717,0.5371472043103358,True,1.0,1.0,lower,Lower height interval (38–65 cm),/root/Rfys_VI/RFP-master/Bachelor_projekt/NF_AmBe_Parafifn/N4_measured_neutron_outputs/tables/08_measured_dose_rate_plotting_data.csv,detector_indicated_neutron_dose_equivalent_rate_uSv_h,detector_indicated_neutron_dose_equivalent_rate_uncertainty_uSv_h,above_background_2sigma,horizontal_line_position_uncertainty_cm,height_uncertainty_cm,3.077605889608769
gamma,P1,P1_x184_h42,184.0,42.0,0.0,-219.405,1.0,GCA-07W-DL with LND 712 GM tube,detector-indicated Cs-137-equivalent gamma dose rate,LND 712 active-volume centre,0.0,1.0,0.891,0.0579423897869574,True,1.0,1.0,lower,Lower height interval (38–65 cm),/root/Rfys_VI/RFP-master/Bachelor_projekt/NF_AmBe_Parafifn/N4_5_measured_gamma_outputs/tables/measured_gamma_scan_summary_final.csv,detector_indicated_gamma_dose_rate_cs137_equivalent_uSv_h,detector_indicated_gamma_dose_rate_cs137_equivalent_uncertainty_uSv_h,above_background_2sigma,horizontal_line_position_uncertainty_cm,height_uncertainty_cm,6.503074050163568
neutron,P1,P1_x199_h42,199.0,42.0,0.0,-243.25,1.0,Studsvik AE 2202 D,detector-indicated neutron dose-equivalent rate,nominal centre of the Studsvik cylindrical moderator,90.0,1.0,13.466666666666669,0.5195384850352843,True,1.0,1.0,lower,Lower height interval (38–65 cm),/root/Rfys_VI/RFP-master/Bachelor_projekt/NF_AmBe_Parafifn/N4_measured_neutron_outputs/tables/08_measured_dose_rate_plotting_data.csv,detector_indicated_neutron_dose_equivalent_rate_uSv_h,detector_indicated_neutron_dose_equivalent_rate_uncertainty_uSv_h,above_background_2sigma,horizontal_line_position_uncertainty_cm,height_uncertainty_cm,3.8579590472917147
gamma,P1,P1_x203_h42,203.0,42.0,0.0,-238.405,1.0,GCA-07W-DL with LND 712 GM tube,detector-indicated Cs-137-equivalent gamma dose rate,LND 712 active-volume centre,0.0,1.0,0.7259999999999999,0.0566793988773271,True,1.0,1.0,lower,Lower height interval (38–65 cm),/root/Rfys_VI/RFP-master/Bachelor_projekt/NF_AmBe_Parafifn/N4_5_measured_gamma_outputs/tables/measured_gamma_scan_summary_final.csv,detector_indicated_gamma_dose_rate_cs137_equivalent_uSv_h,detector_indicated_gamma_dose_rate_cs137_equivalent_uncertainty_uSv_h,above_background_2sigma,horizontal_line_position_uncertainty_cm,height_uncertainty_cm,7.807079735169023
neutron,P1,P1_x320_h42,320.0,42.0,0.0,-364.25,1.0,Studsvik AE 2202 D,detector-indicated neutron dose-equivalent rate,nominal centre of the Studsvik cylindrical moderator,90.0,1.0,4.25,0.3049056341606446,True,1.0,1.0,lower,Lower height interval (38–65 cm),/root/Rfys_VI/RFP-master/Bachelor_projekt/NF_AmBe_Parafifn/N4_measured_neutron_outputs/tables/08_measured_dose_rate_plotting_data.csv,detector_indicated_neutron_dose_equivalent_rate_uSv_h,detector_indicated_neutron_dose_equivalent_rate_uncertainty_uSv_h,above_background_2sigma,horizontal_line_position_uncertainty_cm,height_uncertainty_cm,7.174250215544578
gamma,P1,P1_x321_h42,321.0,42.0,0.0,-356.405,1.0,GCA-07W-DL with LND 712 GM tube,detector-indicated Cs-137-equivalent gamma dose rate,LND 712 active-volume centre,0.0,1.0,0.1369999999999999,0.0486723740945518,True,1.0,1.0,lower,Lower height interval (38–65 cm),/root/Rfys_VI/RFP-master/Bachelor_projekt/NF_AmBe_Parafifn/N4_5_measured_gamma_outputs/tables/measured_gamma_scan_summary_final.csv,detector_indicated_gamma_dose_rate_cs137_equivalent_uSv_h,detector_indicated_gamma_dose_rate_cs137_equivalent_uncertainty_uSv_h,above_background_2sigma,horizontal_line_position_uncertainty_cm,height_uncertainty_cm,35.527280360986744
gamma,P1,P1_x420_h42,420.0,42.0,0.0,-455.405,1.0,GCA-07W-DL with LND 712 GM tube,detector-indicated Cs-137-equivalent gamma dose rate,LND 712 active-volume centre,0.0,1.0,0.0619999999999999,0.0478957200593121,False,1.0,1.0,lower,Lower height interval (38–65 cm),/root/Rfys_VI/RFP-master/Bachelor_projekt/NF_AmBe_Parafifn/N4_5_measured_gamma_outputs/tables/measured_gamma_scan_summary_final.csv,detector_indicated_gamma_dose_rate_cs137_equivalent_uSv_h,detector_indicated_gamma_dose_rate_cs137_equivalent_uncertainty_uSv_h,above_background_2sigma,horizontal_line_position_uncertainty_cm,height_uncertainty_cm,77.25116138598737
neutron,P1,P1_x420_h42,420.0,42.0,0.0,-464.25,1.0,Studsvik AE 2202 D,detector-indicated neutron dose-equivalent rate,nominal centre of the Studsvik cylindrical moderator,90.0,1.0,1.65,0.2147619717443303,True,1.0,1.0,lower,Lower height interval (38–65 cm),/root/Rfys_VI/RFP-master/Bachelor_projekt/NF_AmBe_Parafifn/N4_measured_neutron_outputs/tables/08_measured_dose_rate_plotting_data.csv,detector_indicated_neutron_dose_equivalent_rate_uSv_h,detector_indicated_neutron_dose_equivalent_rate_uncertainty_uSv_h,above_background_2sigma,horizontal_line_position_uncertainty_cm,height_uncertainty_cm,13.015877075413957
gamma,P1,P1_x13_h45,13.0,45.0,0.0,-48.405,4.0,GCA-07W-DL with LND 712 GM tube,detector-indicated Cs-137-equivalent gamma dose rate,LND 712 active-volume centre,0.0,1.0,24.417,0.2411207658128535,True,1.0,1.0,lower,Lower height interval (38–65 cm),/root/Rfys_VI/RFP-master/Bachelor_projekt/NF_AmBe_Parafifn/N4_5_measured_gamma_outputs/tables/measured_gamma_scan_summary_final.csv,detector_indicated_gamma_dose_rate_cs137_equivalent_uSv_h,detector_indicated_gamma_dose_rate_cs137_equivalent_uncertainty_uSv_h,above_background_2sigma,horizontal_line_position_uncertainty_cm,height_uncertainty_cm,0.9875118393449379
gamma,P1,P1_x57_h45,57.0,45.0,0.0,-92.405,4.0,GCA-07W-DL with LND 712 GM tube,detector-indicated Cs-137-equivalent gamma dose rate,LND 712 active-volume centre,0.0,1.0,6.927,0.12666279685387,True,1.0,1.0,lower,Lower height interval (38–65 cm),/root/Rfys_VI/RFP-master/Bachelor_projekt/NF_AmBe_Parafifn/N4_5_measured_gamma_outputs/tables/measured_gamma_scan_summary_final.csv,detector_indicated_gamma_dose_rate_cs137_equivalent_uSv_h,detector_indicated_gamma_dose_rate_cs137_equivalent_uncertainty_uSv_h,above_background_2sigma,horizontal_line_position_uncertainty_cm,height_uncertainty_cm,1.8285375610490835
gamma,P1,P1_x124_h45,124.0,45.0,0.0,-159.405,4.0,GCA-07W-DL with LND 712 GM tube,detector-indicated Cs-137-equivalent gamma dose rate,LND 712 active-volume centre,0.0,1.0,1.993,0.080549065294803,True,1.0,1.0,lower,Lower height interval (38–65 cm),/root/Rfys_VI/RFP-master/Bachelor_projekt/NF_AmBe_Parafifn/N4_5_measured_gamma_outputs/tables/measured_gamma_scan_summary_final.csv,detector_indicated_gamma_dose_rate_cs137_equivalent_uSv_h,detector_indicated_gamma_dose_rate_cs137_equivalent_uncertainty_uSv_h,above_background_2sigma,horizontal_line_position_uncertainty_cm,height_uncertainty_cm,4.041598860752785
gamma,P1,P1_x6_h50,6.0,50.0,0.0,-41.405,9.0,GCA-07W-DL with LND 712 GM tube,detector-indicated Cs-137-equivalent gamma dose rate,LND 712 active-volume centre,0.0,1.0,33.293,0.2927339410917563,True,1.0,1.0,lower,Lower height interval (38–65 cm),/root/Rfys_VI/RFP-master/Bachelor_projekt/NF_AmBe_Parafifn/N4_5_measured_gamma_outputs/tables/measured_gamma_scan_summary_final.csv,detector_indicated_gamma_dose_rate_cs137_equivalent_uSv_h,detector_indicated_gamma_dose_rate_cs137_equivalent_uncertainty_uSv_h,above_background_2sigma,horizontal_line_position_uncertainty_cm,height_uncertainty_cm,0.8792657348143944
gamma,P1,P1_x10_h50,10.0,50.0,0.0,-45.405,9.0,GCA-07W-DL with LND 712 GM tube,detector-indicated Cs-137-equivalent gamma dose rate,LND 712 active-volume centre,0.0,1.0,17.262,0.197065279897047,True,1.0,1.0,lower,Lower height interval (38–65 cm),/root/Rfys_VI/RFP-master/Bachelor_projekt/NF_AmBe_Parafifn/N4_5_measured_gamma_outputs/tables/measured_gamma_scan_summary_final.csv,detector_indicated_gamma_dose_rate_cs137_equivalent_uSv_h,detector_indicated_gamma_dose_rate_cs137_equivalent_uncertainty_uSv_h,above_background_2sigma,horizontal_line_position_uncertainty_cm,height_uncertainty_cm,1.141613253951147
neutron,P1,P1_x0_h85,0.0,85.0,0.0,-44.25,44.0,Studsvik AE 2202 D,detector-indicated neutron dose-equivalent rate,nominal centre of the Studsvik cylindrical moderator,90.0,1.0,78.6846921797005,1.8459536498642588,True,1.0,1.0,upper,Upper height interval (85–113 cm),/root/Rfys_VI/RFP-master/Bachelor_projekt/NF_AmBe_Parafifn/N4_measured_neutron_outputs/tables/08_measured_dose_rate_plotting_data.csv,detector_indicated_neutron_dose_equivalent_rate_uSv_h,detector_indicated_neutron_dose_equivalent_rate_uncertainty_uSv_h,above_background_2sigma,horizontal_line_position_uncertainty_cm,height_uncertainty_cm,2.346013689229997
neutron,P1,P1_x7_h85,7.0,85.0,0.0,-51.25,44.0,Studsvik AE 2202 D,detector-indicated neutron dose-equivalent rate,nominal centre of the Studsvik cylindrical moderator,90.0,1.0,76.4883527454243,1.793490650535123,True,1.0,1.0,upper,Upper height interval (85–113 cm),/root/Rfys_VI/RFP-master/Bachelor_projekt/NF_AmBe_Parafifn/N4_measured_neutron_outputs/tables/08_measured_dose_rate_plotting_data.csv,detector_indicated_neutron_dose_equivalent_rate_uSv_h,detector_indicated_neutron_dose_equivalent_rate_uncertainty_uSv_h,above_background_2sigma,horizontal_line_position_uncertainty_cm,height_uncertainty_cm,2.3447892210522383
neutron,P1,P1_x57_h85,57.0,85.0,0.0,-101.25,44.0,Studsvik AE 2202 D,detector-indicated neutron dose-equivalent rate,nominal centre of the Studsvik cylindrical moderator,90.0,1.0,29.133943427620636,0.7204709188874279,True,1.0,1.0,upper,Upper height interval (85–113 cm),/root/Rfys_VI/RFP-master/Bachelor_projekt/NF_AmBe_Parafifn/N4_measured_neutron_outputs/tables/08_measured_dose_rate_plotting_data.csv,detector_indicated_neutron_dose_equivalent_rate_uSv_h,detector_indicated_neutron_dose_equivalent_rate_uncertainty_uSv_h,above_background_2sigma,horizontal_line_position_uncertainty_cm,height_uncertainty_cm,2.472960520011103
neutron,P1,P1_x114_h85,114.0,85.0,0.0,-158.25,44.0,Studsvik AE 2202 D,detector-indicated neutron dose-equivalent rate,nominal centre of the Studsvik cylindrical moderator,90.0,1.0,14.633333333333333,0.5021914505587317,True,1.0,1.0,upper,Upper height interval (85–113 cm),/root/Rfys_VI/RFP-master/Bachelor_projekt/NF_AmBe_Parafifn/N4_measured_neutron_outputs/tables/08_measured_dose_rate_plotting_data.csv,detector_indicated_neutron_dose_equivalent_rate_uSv_h,detector_indicated_neutron_dose_equivalent_rate_uncertainty_uSv_h,above_background_2sigma,horizontal_line_position_uncertainty_cm,height_uncertainty_cm,3.4318322361644538
neutron,P1,P1_x176_h85,176.0,85.0,0.0,-220.25,44.0,Studsvik AE 2202 D,detector-indicated neutron dose-equivalent rate,nominal centre of the Studsvik cylindrical moderator,90.0,1.0,6.904326123128119,0.3509393637449805,True,1.0,1.0,upper,Upper height interval (85–113 cm),/root/Rfys_VI/RFP-master/Bachelor_projekt/NF_AmBe_Parafifn/N4_measured_neutron_outputs/tables/08_measured_dose_rate_plotting_data.csv,detector_indicated_neutron_dose_equivalent_rate_uSv_h,detector_indicated_neutron_dose_equivalent_rate_uncertainty_uSv_h,above_background_2sigma,horizontal_line_position_uncertainty_cm,height_uncertainty_cm,5.082890893137325
neutron,P1,P1_x199_h85,199.0,85.0,0.0,-243.25,44.0,Studsvik AE 2202 D,detector-indicated neutron dose-equivalent rate,nominal centre of the Studsvik cylindrical moderator,90.0,1.0,5.8,0.3403654456853445,True,1.0,1.0,upper,Upper height interval (85–113 cm),/root/Rfys_VI/RFP-master/Bachelor_projekt/NF_AmBe_Parafifn/N4_measured_neutron_outputs/tables/08_measured_dose_rate_plotting_data.csv,detector_indicated_neutron_dose_equivalent_rate_uSv_h,detector_indicated_neutron_dose_equivalent_rate_uncertainty_uSv_h,above_background_2sigma,horizontal_line_position_uncertainty_cm,height_uncertainty_cm,5.868369753195595
neutron,P1,P1_x320_h85,320.0,85.0,0.0,-364.25,44.0,Studsvik AE 2202 D,detector-indicated neutron dose-equivalent rate,nominal centre of the Studsvik cylindrical moderator,90.0,1.0,1.979201331114809,0.2200827609675308,True,1.0,1.0,upper,Upper height interval (85–113 cm),/root/Rfys_VI/RFP-master/Bachelor_projekt/NF_AmBe_Parafifn/N4_measured_neutron_outputs/tables/08_measured_dose_rate_plotting_data.csv,detector_indicated_neutron_dose_equivalent_rate_uSv_h,detector_indicated_neutron_dose_equivalent_rate_uncertainty_uSv_h,above_background_2sigma,horizontal_line_position_uncertainty_cm,height_uncertainty_cm,11.119776321268263
neutron,P1,P1_x420_h85,420.0,85.0,0.0,-464.25,44.0,Studsvik AE 2202 D,detector-indicated neutron dose-equivalent rate,nominal centre of the Studsvik cylindrical moderator,90.0,1.0,0.9143094841930116,0.1758168173128827,True,1.0,1.0,upper,Upper height interval (85–113 cm),/root/Rfys_VI/RFP-master/Bachelor_projekt/NF_AmBe_Parafifn/N4_measured_neutron_outputs/tables/08_measured_dose_rate_plotting_data.csv,detector_indicated_neutron_dose_equivalent_rate_uSv_h,detector_indicated_neutron_dose_equivalent_rate_uncertainty_uSv_h,above_background_2sigma,horizontal_line_position_uncertainty_cm,height_uncertainty_cm,19.22946445951638
neutron,P2,P2_x2_h55,2.0,55.0,51.51561146012848,-42.51561146012848,14.0,Studsvik AE 2202 D,detector-indicated neutron dose-equivalent rate,nominal centre of the Studsvik cylindrical moderator,90.0,1.0,42.266666666666666,1.0212779828401737,True,1.0,1.0,lower,Lower height interval (38–65 cm),/root/Rfys_VI/RFP-master/Bachelor_projekt/NF_AmBe_Parafifn/N4_measured_neutron_outputs/tables/08_measured_dose_rate_plotting_data.csv,detector_indicated_neutron_dose_equivalent_rate_uSv_h,detector_indicated_neutron_dose_equivalent_rate_uncertainty_uSv_h,above_background_2sigma,horizontal_line_position_uncertainty_cm,height_uncertainty_cm,2.4162728300635026
neutron,P2,P2_x57_h55,57.0,55.0,90.40648442538858,-81.40648442538858,14.0,Studsvik AE 2202 D,detector-indicated neutron dose-equivalent rate,nominal centre of the Studsvik cylindrical moderator,90.0,1.0,25.24043261231281,0.7044657706252192,True,1.0,1.0,lower,Lower height interval (38–65 cm),/root/Rfys_VI/RFP-master/Bachelor_projekt/NF_AmBe_Parafifn/N4_measured_neutron_outputs/tables/08_measured_dose_rate_plotting_data.csv,detector_indicated_neutron_dose_equivalent_rate_uSv_h,detector_indicated_neutron_dose_equivalent_rate_uncertainty_uSv_h,above_background_2sigma,horizontal_line_position_uncertainty_cm,height_uncertainty_cm,2.79102098385416
neutron,P2,P2_x114_h55,114.0,55.0,130.7115709530218,-121.7115709530218,14.0,Studsvik AE 2202 D,detector-indicated neutron dose-equivalent rate,nominal centre of the Studsvik cylindrical moderator,90.0,1.0,13.566666666666666,0.4632496731699649,True,1.0,1.0,lower,Lower height interval (38–65 cm),/root/Rfys_VI/RFP-master/Bachelor_projekt/NF_AmBe_Parafifn/N4_measured_neutron_outputs/tables/08_measured_dose_rate_plotting_data.csv,detector_indicated_neutron_dose_equivalent_rate_uSv_h,detector_indicated_neutron_dose_equivalent_rate_uncertainty_uSv_h,above_background_2sigma,horizontal_line_position_uncertainty_cm,height_uncertainty_cm,3.414616755552567
neutron,P2,P2_x176_h55,176.0,55.0,174.55219138658774,-165.55219138658774,14.0,Studsvik AE 2202 D,detector-indicated neutron dose-equivalent rate,nominal centre of the Studsvik cylindrical moderator,90.0,1.0,8.917637271214643,0.4015926304513637,True,1.0,1.0,lower,Lower height interval (38–65 cm),/root/Rfys_VI/RFP-master/Bachelor_projekt/NF_AmBe_Parafifn/N4_measured_neutron_outputs/tables/08_measured_dose_rate_plotting_data.csv,detector_indicated_neutron_dose_equivalent_rate_uSv_h,detector_indicated_neutron_dose_equivalent_rate_uncertainty_uSv_h,above_background_2sigma,horizontal_line_position_uncertainty_cm,height_uncertainty_cm,4.503352381775717
neutron,P2,P2_x199_h55,199.0,55.0,190.81564735387835,-181.81564735387835,14.0,Studsvik AE 2202 D,detector-indicated neutron dose-equivalent rate,nominal centre of the Studsvik cylindrical moderator,90.0,1.0,7.503327787021631,0.3792458910503909,True,1.0,1.0,lower,Lower height interval (38–65 cm),/root/Rfys_VI/RFP-master/Bachelor_projekt/NF_AmBe_Parafifn/N4_measured_neutron_outputs/tables/08_measured_dose_rate_plotting_data.csv,detector_indicated_neutron_dose_equivalent_rate_uSv_h,detector_indicated_neutron_dose_equivalent_rate_uncertainty_uSv_h,above_background_2sigma,horizontal_line_position_uncertainty_cm,height_uncertainty_cm,5.054369232094133
neutron,P2,P2_x321_h55,321.0,55.0,277.0826746586372,-268.0826746586372,14.0,Studsvik AE 2202 D,detector-indicated neutron dose-equivalent rate,nominal centre of the Studsvik cylindrical moderator,90.0,1.0,3.509983361064892,0.2731064681151372,True,1.0,1.0,lower,Lower height interval (38–65 cm),/root/Rfys_VI/RFP-master/Bachelor_projekt/NF_AmBe_Parafifn/N4_measured_neutron_outputs/tables/08_measured_dose_rate_plotting_data.csv,detector_indicated_neutron_dose_equivalent_rate_uSv_h,detector_indicated_neutron_dose_equivalent_rate_uncertainty_uSv_h,above_background_2sigma,horizontal_line_position_uncertainty_cm,height_uncertainty_cm,7.780847942033538
neutron,P2,P2_x420_h55,420.0,55.0,347.0862459961053,-338.0862459961053,14.0,Studsvik AE 2202 D,detector-indicated neutron dose-equivalent rate,nominal centre of the Studsvik cylindrical moderator,90.0,1.0,2.216666666666667,0.2342527002683399,True,1.0,1.0,lower,Lower height interval (38–65 cm),/root/Rfys_VI/RFP-master/Bachelor_projekt/NF_AmBe_Parafifn/N4_measured_neutron_outputs/tables/08_measured_dose_rate_plotting_data.csv,detector_indicated_neutron_dose_equivalent_rate_uSv_h,detector_indicated_neutron_dose_equivalent_rate_uncertainty_uSv_h,above_background_2sigma,horizontal_line_position_uncertainty_cm,height_uncertainty_cm,10.567790989549167
gamma,P2,P2_x2_h65,2.0,65.0,45.261251980533466,-36.261251980533466,24.0,GCA-07W-DL with LND 712 GM tube,detector-indicated Cs-137-equivalent gamma dose rate,LND 712 active-volume centre,0.0,1.0,3.429,0.091852198543614,True,1.0,1.0,lower,Lower height interval (38–65 cm),/root/Rfys_VI/RFP-master/Bachelor_projekt/NF_AmBe_Parafifn/N4_5_measured_gamma_outputs/tables/measured_gamma_scan_summary_final.csv,detector_indicated_gamma_dose_rate_cs137_equivalent_uSv_h,detector_indicated_gamma_dose_rate_cs137_equivalent_uncertainty_uSv_h,above_background_2sigma,horizontal_line_position_uncertainty_cm,height_uncertainty_cm,2.6786876215693787
gamma,P2,P2_x57_h65,57.0,65.0,84.15212494579359,-75.15212494579359,24.0,GCA-07W-DL with LND 712 GM tube,detector-indicated Cs-137-equivalent gamma dose rate,LND 712 active-volume centre,0.0,1.0,1.5569999999999995,0.0703361236052026,True,1.0,1.0,lower,Lower height interval (38–65 cm),/root/Rfys_VI/RFP-master/Bachelor_projekt/NF_AmBe_Parafifn/N4_5_measured_gamma_outputs/tables/measured_gamma_scan_summary_final.csv,detector_indicated_gamma_dose_rate_cs137_equivalent_uSv_h,detector_indicated_gamma_dose_rate_cs137_equivalent_uncertainty_uSv_h,above_background_2sigma,horizontal_line_position_uncertainty_cm,height_uncertainty_cm,4.517413205215326
gamma,P2,P2_x114_h65,114.0,65.0,124.45721147342678,-115.45721147342678,24.0,GCA-07W-DL with LND 712 GM tube,detector-indicated Cs-137-equivalent gamma dose rate,LND 712 active-volume centre,0.0,1.0,0.647,0.0556778685092759,True,1.0,1.0,lower,Lower height interval (38–65 cm),/root/Rfys_VI/RFP-master/Bachelor_projekt/NF_AmBe_Parafifn/N4_5_measured_gamma_outputs/tables/measured_gamma_scan_summary_final.csv,detector_indicated_gamma_dose_rate_cs137_equivalent_uSv_h,detector_indicated_gamma_dose_rate_cs137_equivalent_uncertainty_uSv_h,above_background_2sigma,horizontal_line_position_uncertainty_cm,height_uncertainty_cm,8.60554381905346
gamma,P2,P2_x176_h65,176.0,65.0,168.2978319069927,-159.2978319069927,24.0,GCA-07W-DL with LND 712 GM tube,detector-indicated Cs-137-equivalent gamma dose rate,LND 712 active-volume centre,0.0,1.0,0.3379999999999999,0.0506951674225463,True,1.0,1.0,lower,Lower height interval (38–65 cm),/root/Rfys_VI/RFP-master/Bachelor_projekt/NF_AmBe_Parafifn/N4_5_measured_gamma_outputs/tables/measured_gamma_scan_summary_final.csv,detector_indicated_gamma_dose_rate_cs137_equivalent_uSv_h,detector_indicated_gamma_dose_rate_cs137_equivalent_uncertainty_uSv_h,above_background_2sigma,horizontal_line_position_uncertainty_cm,height_uncertainty_cm,14.998570243356898
gamma,P2,P2_x199_h65,199.0,65.0,184.56128787428327,-175.56128787428332,24.0,GCA-07W-DL with LND 712 GM tube,detector-indicated Cs-137-equivalent gamma dose rate,LND 712 active-volume centre,0.0,1.0,0.2469999999999998,0.0497895571380184,True,1.0,1.0,lower,Lower height interval (38–65 cm),/root/Rfys_VI/RFP-master/Bachelor_projekt/NF_AmBe_Parafifn/N4_5_measured_gamma_outputs/tables/measured_gamma_scan_summary_final.csv,detector_indicated_gamma_dose_rate_cs137_equivalent_uSv_h,detector_indicated_gamma_dose_rate_cs137_equivalent_uncertainty_uSv_h,above_background_2sigma,horizontal_line_position_uncertainty_cm,height_uncertainty_cm,20.157715440493295
gamma,P2,P2_x321_h65,321.0,65.0,270.8283151790421,-261.8283151790421,24.0,GCA-07W-DL with LND 712 GM tube,detector-indicated Cs-137-equivalent gamma dose rate,LND 712 active-volume centre,0.0,1.0,0.1179999999999999,0.0484767985741632,True,1.0,1.0,lower,Lower height interval (38–65 cm),/root/Rfys_VI/RFP-master/Bachelor_projekt/NF_AmBe_Parafifn/N4_5_measured_gamma_outputs/tables/measured_gamma_scan_summary_final.csv,detector_indicated_gamma_dose_rate_cs137_equivalent_uSv_h,detector_indicated_gamma_dose_rate_cs137_equivalent_uncertainty_uSv_h,above_background_2sigma,horizontal_line_position_uncertainty_cm,height_uncertainty_cm,41.08203268996885
neutron,P2,P2_x321_h65,321.0,65.0,277.0826746586372,-268.0826746586372,24.0,Studsvik AE 2202 D,detector-indicated neutron dose-equivalent rate,nominal centre of the Studsvik cylindrical moderator,90.0,1.0,4.658069883527454,0.2963550386459598,True,1.0,1.0,lower,Lower height interval (38–65 cm),/root/Rfys_VI/RFP-master/Bachelor_projekt/NF_AmBe_Parafifn/N4_measured_neutron_outputs/tables/08_measured_dose_rate_plotting_data.csv,detector_indicated_neutron_dose_equivalent_rate_uSv_h,detector_indicated_neutron_dose_equivalent_rate_uncertainty_uSv_h,above_background_2sigma,horizontal_line_position_uncertainty_cm,height_uncertainty_cm,6.362185326887724
gamma,P2,P2_x420_h65,420.0,65.0,340.8318865165103,-331.8318865165103,24.0,GCA-07W-DL with LND 712 GM tube,detector-indicated Cs-137-equivalent gamma dose rate,LND 712 active-volume centre,0.0,1.0,0.0309999999999999,0.0475709995690651,False,1.0,1.0,lower,Lower height interval (38–65 cm),/root/Rfys_VI/RFP-master/Bachelor_projekt/NF_AmBe_Parafifn/N4_5_measured_gamma_outputs/tables/measured_gamma_scan_summary_final.csv,detector_indicated_gamma_dose_rate_cs137_equivalent_uSv_h,detector_indicated_gamma_dose_rate_cs137_equivalent_uncertainty_uSv_h,above_background_2sigma,horizontal_line_position_uncertainty_cm,height_uncertainty_cm,153.45483731956537
neutron,P2,P2_x0_h85,0.0,85.0,50.10139789775538,-41.10139789775538,44.0,Studsvik AE 2202 D,detector-indicated neutron dose-equivalent rate,nominal centre of the Studsvik cylindrical moderator,90.0,1.0,25.83943427620632,0.6606920417734876,True,1.0,1.0,upper,Upper height interval (85–113 cm),/root/Rfys_VI/RFP-master/Bachelor_projekt/NF_AmBe_Parafifn/N4_measured_neutron_outputs/tables/08_measured_dose_rate_plotting_data.csv,detector_indicated_neutron_dose_equivalent_rate_uSv_h,detector_indicated_neutron_dose_equivalent_rate_uncertainty_uSv_h,above_background_2sigma,horizontal_line_position_uncertainty_cm,height_uncertainty_cm,2.556913726171906
neutron,P2,P2_x5_h85,5.0,85.0,53.63693180368812,-44.63693180368812,44.0,Studsvik AE 2202 D,detector-indicated neutron dose-equivalent rate,nominal centre of the Studsvik cylindrical moderator,90.0,1.0,25.116666666666667,0.6188061668707732,True,1.0,1.0,upper,Upper height interval (85–113 cm),/root/Rfys_VI/RFP-master/Bachelor_projekt/NF_AmBe_Parafifn/N4_measured_neutron_outputs/tables/08_measured_dose_rate_plotting_data.csv,detector_indicated_neutron_dose_equivalent_rate_uSv_h,detector_indicated_neutron_dose_equivalent_rate_uncertainty_uSv_h,above_background_2sigma,horizontal_line_position_uncertainty_cm,height_uncertainty_cm,2.4637272735399063
neutron,P2,P2_x30_h85,30.0,85.0,71.3146013333518,-62.3146013333518,44.0,Studsvik AE 2202 D,detector-indicated neutron dose-equivalent rate,nominal centre of the Studsvik cylindrical moderator,90.0,1.0,23.64309484193012,0.640307827477958,True,1.0,1.0,upper,Upper height interval (85–113 cm),/root/Rfys_VI/RFP-master/Bachelor_projekt/NF_AmBe_Parafifn/N4_measured_neutron_outputs/tables/08_measured_dose_rate_plotting_data.csv,detector_indicated_neutron_dose_equivalent_rate_uSv_h,detector_indicated_neutron_dose_equivalent_rate_uncertainty_uSv_h,above_background_2sigma,horizontal_line_position_uncertainty_cm,height_uncertainty_cm,2.7082234020497036
neutron,P2,P2_x57_h85,57.0,85.0,90.40648442538858,-81.40648442538858,44.0,Studsvik AE 2202 D,detector-indicated neutron dose-equivalent rate,nominal centre of the Studsvik cylindrical moderator,90.0,1.0,19.633111480865225,0.5846282309199597,True,1.0,1.0,upper,Upper height interval (85–113 cm),/root/Rfys_VI/RFP-master/Bachelor_projekt/NF_AmBe_Parafifn/N4_measured_neutron_outputs/tables/08_measured_dose_rate_plotting_data.csv,detector_indicated_neutron_dose_equivalent_rate_uSv_h,detector_indicated_neutron_dose_equivalent_rate_uncertainty_uSv_h,above_background_2sigma,horizontal_line_position_uncertainty_cm,height_uncertainty_cm,2.9777665730149225
neutron,P2,P2_x114_h85,114.0,85.0,130.7115709530218,-121.7115709530218,44.0,Studsvik AE 2202 D,detector-indicated neutron dose-equivalent rate,nominal centre of the Studsvik cylindrical moderator,90.0,1.0,12.95,0.4580586772549668,True,1.0,1.0,upper,Upper height interval (85–113 cm),/root/Rfys_VI/RFP-master/Bachelor_projekt/NF_AmBe_Parafifn/N4_measured_neutron_outputs/tables/08_measured_dose_rate_plotting_data.csv,detector_indicated_neutron_dose_equivalent_rate_uSv_h,detector_indicated_neutron_dose_equivalent_rate_uncertainty_uSv_h,above_background_2sigma,horizontal_line_position_uncertainty_cm,height_uncertainty_cm,3.537132642895497
neutron,P2,P2_x156_h85,156.0,85.0,160.4100557628568,-151.4100557628568,44.0,Studsvik AE 2202 D,detector-indicated neutron dose-equivalent rate,nominal centre of the Studsvik cylindrical moderator,90.0,1.0,10.133333333333333,0.4324398991419221,True,1.0,1.0,upper,Upper height interval (85–113 cm),/root/Rfys_VI/RFP-master/Bachelor_projekt/NF_AmBe_Parafifn/N4_measured_neutron_outputs/tables/08_measured_dose_rate_plotting_data.csv,detector_indicated_neutron_dose_equivalent_rate_uSv_h,detector_indicated_neutron_dose_equivalent_rate_uncertainty_uSv_h,above_background_2sigma,horizontal_line_position_uncertainty_cm,height_uncertainty_cm,4.267499004690021
gamma,P2,P2_x176_h85,176.0,85.0,168.2978319069927,-159.2978319069927,44.0,GCA-07W-DL with LND 712 GM tube,detector-indicated Cs-137-equivalent gamma dose rate,LND 712 active-volume centre,0.0,1.0,0.2669999999999999,0.0502692749102272,True,1.0,1.0,upper,Upper height interval (85–113 cm),/root/Rfys_VI/RFP-master/Bachelor_projekt/NF_AmBe_Parafifn/N4_5_measured_gamma_outputs/tables/measured_gamma_scan_summary_final.csv,detector_indicated_gamma_dose_rate_cs137_equivalent_uSv_h,detector_indicated_gamma_dose_rate_cs137_equivalent_uncertainty_uSv_h,above_background_2sigma,horizontal_line_position_uncertainty_cm,height_uncertainty_cm,18.827443786601954
neutron,P2,P2_x176_h85,176.0,85.0,174.55219138658774,-165.55219138658774,44.0,Studsvik AE 2202 D,detector-indicated neutron dose-equivalent rate,nominal centre of the Studsvik cylindrical moderator,90.0,1.0,9.300332778702163,0.3835071234475394,True,1.0,1.0,upper,Upper height interval (85–113 cm),/root/Rfys_VI/RFP-master/Bachelor_projekt/NF_AmBe_Parafifn/N4_measured_neutron_outputs/tables/08_measured_dose_rate_plotting_data.csv,detector_indicated_neutron_dose_equivalent_rate_uSv_h,detector_indicated_neutron_dose_equivalent_rate_uncertainty_uSv_h,above_background_2sigma,horizontal_line_position_uncertainty_cm,height_uncertainty_cm,4.123584957365975
neutron,P2,P2_x199_h85,199.0,85.0,190.81564735387835,-181.81564735387835,44.0,Studsvik AE 2202 D,detector-indicated neutron dose-equivalent rate,nominal centre of the Studsvik cylindrical moderator,90.0,1.0,7.519966722129784,0.3782932452003447,True,1.0,1.0,upper,Upper height interval (85–113 cm),/root/Rfys_VI/RFP-master/Bachelor_projekt/NF_AmBe_Parafifn/N4_measured_neutron_outputs/tables/08_measured_dose_rate_plotting_data.csv,detector_indicated_neutron_dose_equivalent_rate_uSv_h,detector_indicated_neutron_dose_equivalent_rate_uncertainty_uSv_h,above_background_2sigma,horizontal_line_position_uncertainty_cm,height_uncertainty_cm,5.03051754321069
gamma,P2,P2_x200_h85,200.0,85.0,185.26839465546988,-176.26839465546988,44.0,GCA-07W-DL with LND 712 GM tube,detector-indicated Cs-137-equivalent gamma dose rate,LND 712 active-volume centre,0.0,1.0,0.2109999999999999,0.0497091540865462,True,1.0,1.0,upper,Upper height interval (85–113 cm),/root/Rfys_VI/RFP-master/Bachelor_projekt/NF_AmBe_Parafifn/N4_5_measured_gamma_outputs/tables/measured_gamma_scan_summary_final.csv,detector_indicated_gamma_dose_rate_cs137_equivalent_uSv_h,detector_indicated_gamma_dose_rate_cs137_equivalent_uncertainty_uSv_h,above_background_2sigma,horizontal_line_position_uncertainty_cm,height_uncertainty_cm,23.558840799311007
neutron,P2,P2_x300_h85,300.0,85.0,262.2334322537196,-253.23343225371963,44.0,Studsvik AE 2202 D,detector-indicated neutron dose-equivalent rate,nominal centre of the Studsvik cylindrical moderator,90.0,1.0,5.406821963394343,0.3150459107364179,True,1.0,1.0,upper,Upper height interval (85–113 cm),/root/Rfys_VI/RFP-master/Bachelor_projekt/NF_AmBe_Parafifn/N4_measured_neutron_outputs/tables/08_measured_dose_rate_plotting_data.csv,detector_indicated_neutron_dose_equivalent_rate_uSv_h,detector_indicated_neutron_dose_equivalent_rate_uncertainty_uSv_h,above_background_2sigma,horizontal_line_position_uncertainty_cm,height_uncertainty_cm,5.826822352749259
gamma,P2,P2_x321_h85,321.0,85.0,270.8283151790421,-261.8283151790421,44.0,GCA-07W-DL with LND 712 GM tube,detector-indicated Cs-137-equivalent gamma dose rate,LND 712 active-volume centre,0.0,1.0,0.049,0.0480520551069358,False,1.0,1.0,upper,Upper height interval (85–113 cm),/root/Rfys_VI/RFP-master/Bachelor_projekt/NF_AmBe_Parafifn/N4_5_measured_gamma_outputs/tables/measured_gamma_scan_summary_final.csv,detector_indicated_gamma_dose_rate_cs137_equivalent_uSv_h,detector_indicated_gamma_dose_rate_cs137_equivalent_uncertainty_uSv_h,above_background_2sigma,horizontal_line_position_uncertainty_cm,height_uncertainty_cm,98.06541858558326
neutron,P2,P2_x321_h85,321.0,85.0,277.0826746586372,-268.0826746586372,44.0,Studsvik AE 2202 D,detector-indicated neutron dose-equivalent rate,nominal centre of the Studsvik cylindrical moderator,90.0,1.0,3.8166666666666655,0.2718976028519812,True,1.0,1.0,upper,Upper height interval (85–113 cm),/root/Rfys_VI/RFP-master/Bachelor_projekt/NF_AmBe_Parafifn/N4_measured_neutron_outputs/tables/08_measured_dose_rate_plotting_data.csv,detector_indicated_neutron_dose_equivalent_rate_uSv_h,detector_indicated_neutron_dose_equivalent_rate_uncertainty_uSv_h,above_background_2sigma,horizontal_line_position_uncertainty_cm,height_uncertainty_cm,7.123954659877239
gamma,P2,P2_x400_h85,400.0,85.0,326.68975089277933,-317.68975089277933,44.0,GCA-07W-DL with LND 712 GM tube,detector-indicated Cs-137-equivalent gamma dose rate,LND 712 active-volume centre,0.0,1.0,0.025,0.0478016736108684,False,1.0,1.0,upper,Upper height interval (85–113 cm),/root/Rfys_VI/RFP-master/Bachelor_projekt/NF_AmBe_Parafifn/N4_5_measured_gamma_outputs/tables/measured_gamma_scan_summary_final.csv,detector_indicated_gamma_dose_rate_cs137_equivalent_uSv_h,detector_indicated_gamma_dose_rate_cs137_equivalent_uncertainty_uSv_h,above_background_2sigma,horizontal_line_position_uncertainty_cm,height_uncertainty_cm,191.2066944434736
gamma,P2,P2_x400_h98,400.0,98.0,326.68975089277933,-317.68975089277933,57.0,GCA-07W-DL with LND 712 GM tube,detector-indicated Cs-137-equivalent gamma dose rate,LND 712 active-volume centre,0.0,1.0,0.019,0.04773887304912,False,1.0,1.0,upper,Upper height interval (85–113 cm),/root/Rfys_VI/RFP-master/Bachelor_projekt/NF_AmBe_Parafifn/N4_5_measured_gamma_outputs/tables/measured_gamma_scan_summary_final.csv,detector_indicated_gamma_dose_rate_cs137_equivalent_uSv_h,detector_indicated_gamma_dose_rate_cs137_equivalent_uncertainty_uSv_h,above_background_2sigma,horizontal_line_position_uncertainty_cm,height_uncertainty_cm,251.25722657431578
neutron,P3,P3_x0_h45,0.0,45.0,53.25,0.0,4.0,Studsvik AE 2202 D,detector-indicated neutron dose-equivalent rate,nominal centre of the Studsvik cylindrical moderator,90.0,1.0,130.2071547420965,2.02372841860296,True,1.0,1.0,lower,Lower height interval (38–65 cm),/root/Rfys_VI/RFP-master/Bachelor_projekt/NF_AmBe_Parafifn/N4_measured_neutron_outputs/tables/08_measured_dose_rate_plotting_data.csv,detector_indicated_neutron_dose_equivalent_rate_uSv_h,detector_indicated_neutron_dose_equivalent_rate_uncertainty_uSv_h,above_background_2sigma,horizontal_line_position_uncertainty_cm,height_uncertainty_cm,1.5542374937931738
neutron,P3,P3_x5_h45,5.0,45.0,58.25,0.0,4.0,Studsvik AE 2202 D,detector-indicated neutron dose-equivalent rate,nominal centre of the Studsvik cylindrical moderator,90.0,1.0,100.8477537437604,2.210289871837092,True,1.0,1.0,lower,Lower height interval (38–65 cm),/root/Rfys_VI/RFP-master/Bachelor_projekt/NF_AmBe_Parafifn/N4_measured_neutron_outputs/tables/08_measured_dose_rate_plotting_data.csv,detector_indicated_neutron_dose_equivalent_rate_uSv_h,detector_indicated_neutron_dose_equivalent_rate_uncertainty_uSv_h,above_background_2sigma,horizontal_line_position_uncertainty_cm,height_uncertainty_cm,2.191709571889047
neutron,P3,P3_x57_h45,57.0,45.0,110.25,0.0,4.0,Studsvik AE 2202 D,detector-indicated neutron dose-equivalent rate,nominal centre of the Studsvik cylindrical moderator,90.0,1.0,23.99251247920133,0.6089788511217575,True,1.0,1.0,lower,Lower height interval (38–65 cm),/root/Rfys_VI/RFP-master/Bachelor_projekt/NF_AmBe_Parafifn/N4_measured_neutron_outputs/tables/08_measured_dose_rate_plotting_data.csv,detector_indicated_neutron_dose_equivalent_rate_uSv_h,detector_indicated_neutron_dose_equivalent_rate_uncertainty_uSv_h,above_background_2sigma,horizontal_line_position_uncertainty_cm,height_uncertainty_cm,2.538203748563933
neutron,P3,P3_x114_h45,114.0,45.0,167.25,0.0,4.0,Studsvik AE 2202 D,detector-indicated neutron dose-equivalent rate,nominal centre of the Studsvik cylindrical moderator,90.0,1.0,12.69467554076539,0.4552229911998541,True,1.0,1.0,lower,Lower height interval (38–65 cm),/root/Rfys_VI/RFP-master/Bachelor_projekt/NF_AmBe_Parafifn/N4_measured_neutron_outputs/tables/08_measured_dose_rate_plotting_data.csv,detector_indicated_neutron_dose_equivalent_rate_uSv_h,detector_indicated_neutron_dose_equivalent_rate_uncertainty_uSv_h,above_background_2sigma,horizontal_line_position_uncertainty_cm,height_uncertainty_cm,3.585936400958285
gamma,P3,P3_x176_h45,176.0,45.0,220.405,0.0,4.0,GCA-07W-DL with LND 712 GM tube,detector-indicated Cs-137-equivalent gamma dose rate,LND 712 active-volume centre,0.0,1.0,0.1429999999999998,0.0487339717240448,True,1.0,1.0,lower,Lower height interval (38–65 cm),/root/Rfys_VI/RFP-master/Bachelor_projekt/NF_AmBe_Parafifn/N4_5_measured_gamma_outputs/tables/measured_gamma_scan_summary_final.csv,detector_indicated_gamma_dose_rate_cs137_equivalent_uSv_h,detector_indicated_gamma_dose_rate_cs137_equivalent_uncertainty_uSv_h,above_background_2sigma,horizontal_line_position_uncertainty_cm,height_uncertainty_cm,34.07970050632508
neutron,P3,P3_x176_h45,176.0,45.0,229.25,0.0,4.0,Studsvik AE 2202 D,detector-indicated neutron dose-equivalent rate,nominal centre of the Studsvik cylindrical moderator,90.0,1.0,7.416666666666667,0.3772385728253471,True,1.0,1.0,lower,Lower height interval (38–65 cm),/root/Rfys_VI/RFP-master/Bachelor_projekt/NF_AmBe_Parafifn/N4_measured_neutron_outputs/tables/08_measured_dose_rate_plotting_data.csv,detector_indicated_neutron_dose_equivalent_rate_uSv_h,detector_indicated_neutron_dose_equivalent_rate_uncertainty_uSv_h,above_background_2sigma,horizontal_line_position_uncertainty_cm,height_uncertainty_cm,5.086362779667601
gamma,P3,P3_x199_h45,199.0,45.0,243.405,0.0,4.0,GCA-07W-DL with LND 712 GM tube,detector-indicated Cs-137-equivalent gamma dose rate,LND 712 active-volume centre,0.0,1.0,0.093,0.0482182538049647,False,1.0,1.0,lower,Lower height interval (38–65 cm),/root/Rfys_VI/RFP-master/Bachelor_projekt/NF_AmBe_Parafifn/N4_5_measured_gamma_outputs/tables/measured_gamma_scan_summary_final.csv,detector_indicated_gamma_dose_rate_cs137_equivalent_uSv_h,detector_indicated_gamma_dose_rate_cs137_equivalent_uncertainty_uSv_h,above_background_2sigma,horizontal_line_position_uncertainty_cm,height_uncertainty_cm,51.847584736521185
neutron,P3,P3_x199_h45,199.0,45.0,252.25,0.0,4.0,Studsvik AE 2202 D,detector-indicated neutron dose-equivalent rate,nominal centre of the Studsvik cylindrical moderator,90.0,1.0,5.872712146422629,0.3269749758421216,True,1.0,1.0,lower,Lower height interval (38–65 cm),/root/Rfys_VI/RFP-master/Bachelor_projekt/NF_AmBe_Parafifn/N4_measured_neutron_outputs/tables/08_measured_dose_rate_plotting_data.csv,detector_indicated_neutron_dose_equivalent_rate_uSv_h,detector_indicated_neutron_dose_equivalent_rate_uncertainty_uSv_h,above_background_2sigma,horizontal_line_position_uncertainty_cm,height_uncertainty_cm,5.567699687806066
gamma,P3,P3_x225_h45,225.0,45.0,269.405,0.0,4.0,GCA-07W-DL with LND 712 GM tube,detector-indicated Cs-137-equivalent gamma dose rate,LND 712 active-volume centre,0.0,1.0,0.0919999999999998,0.0482078831727757,False,1.0,1.0,lower,Lower height interval (38–65 cm),/root/Rfys_VI/RFP-master/Bachelor_projekt/NF_AmBe_Parafifn/N4_5_measured_gamma_outputs/tables/measured_gamma_scan_summary_final.csv,detector_indicated_gamma_dose_rate_cs137_equivalent_uSv_h,detector_indicated_gamma_dose_rate_cs137_equivalent_uncertainty_uSv_h,above_background_2sigma,horizontal_line_position_uncertainty_cm,height_uncertainty_cm,52.39987301388675
neutron,P3,P3_x225_h45,225.0,45.0,278.25,0.0,4.0,Studsvik AE 2202 D,detector-indicated neutron dose-equivalent rate,nominal centre of the Studsvik cylindrical moderator,90.0,1.0,5.406821963394343,0.3355071891305184,True,1.0,1.0,lower,Lower height interval (38–65 cm),/root/Rfys_VI/RFP-master/Bachelor_projekt/NF_AmBe_Parafifn/N4_measured_neutron_outputs/tables/08_measured_dose_rate_plotting_data.csv,detector_indicated_neutron_dose_equivalent_rate_uSv_h,detector_indicated_neutron_dose_equivalent_rate_uncertainty_uSv_h,above_background_2sigma,horizontal_line_position_uncertainty_cm,height_uncertainty_cm,6.205256829279629
neutron,P3,P3_x300_h45,300.0,45.0,353.25,0.0,4.0,Studsvik AE 2202 D,detector-indicated neutron dose-equivalent rate,nominal centre of the Studsvik cylindrical moderator,90.0,1.0,2.8111480865224623,0.2479589390624021,True,1.0,1.0,lower,Lower height interval (38–65 cm),/root/Rfys_VI/RFP-master/Bachelor_projekt/NF_AmBe_Parafifn/N4_measured_neutron_outputs/tables/08_measured_dose_rate_plotting_data.csv,detector_indicated_neutron_dose_equivalent_rate_uSv_h,detector_indicated_neutron_dose_equivalent_rate_uncertainty_uSv_h,above_background_2sigma,horizontal_line_position_uncertainty_cm,height_uncertainty_cm,8.820557702071836
gamma,P3,P3_x320_h45,320.0,45.0,364.405,0.0,4.0,GCA-07W-DL with LND 712 GM tube,detector-indicated Cs-137-equivalent gamma dose rate,LND 712 active-volume centre,0.0,1.0,0.0789999999999999,0.0480728613668876,False,1.0,1.0,lower,Lower height interval (38–65 cm),/root/Rfys_VI/RFP-master/Bachelor_projekt/NF_AmBe_Parafifn/N4_5_measured_gamma_outputs/tables/measured_gamma_scan_summary_final.csv,detector_indicated_gamma_dose_rate_cs137_equivalent_uSv_h,detector_indicated_gamma_dose_rate_cs137_equivalent_uncertainty_uSv_h,above_background_2sigma,horizontal_line_position_uncertainty_cm,height_uncertainty_cm,60.851723249224875
gamma,P3,P3_x5_h64,5.0,64.0,49.405,0.0,23.0,GCA-07W-DL with LND 712 GM tube,detector-indicated Cs-137-equivalent gamma dose rate,LND 712 active-volume centre,0.0,1.0,4.875,0.1076304426590279,True,1.0,1.0,lower,Lower height interval (38–65 cm),/root/Rfys_VI/RFP-master/Bachelor_projekt/NF_AmBe_Parafifn/N4_5_measured_gamma_outputs/tables/measured_gamma_scan_summary_final.csv,detector_indicated_gamma_dose_rate_cs137_equivalent_uSv_h,detector_indicated_gamma_dose_rate_cs137_equivalent_uncertainty_uSv_h,above_background_2sigma,horizontal_line_position_uncertainty_cm,height_uncertainty_cm,2.2078039519800594
gamma,P3,P3_x57_h64,57.0,64.0,101.405,0.0,23.0,GCA-07W-DL with LND 712 GM tube,detector-indicated Cs-137-equivalent gamma dose rate,LND 712 active-volume centre,0.0,1.0,1.0139999999999998,0.0612118028489061,True,1.0,1.0,lower,Lower height interval (38–65 cm),/root/Rfys_VI/RFP-master/Bachelor_projekt/NF_AmBe_Parafifn/N4_5_measured_gamma_outputs/tables/measured_gamma_scan_summary_final.csv,detector_indicated_gamma_dose_rate_cs137_equivalent_uSv_h,detector_indicated_gamma_dose_rate_cs137_equivalent_uncertainty_uSv_h,above_background_2sigma,horizontal_line_position_uncertainty_cm,height_uncertainty_cm,6.0366669476238775
gamma,P3,P3_x114_h64,114.0,64.0,158.405,0.0,23.0,GCA-07W-DL with LND 712 GM tube,detector-indicated Cs-137-equivalent gamma dose rate,LND 712 active-volume centre,0.0,1.0,0.325,0.0505667875190821,True,1.0,1.0,lower,Lower height interval (38–65 cm),/root/Rfys_VI/RFP-master/Bachelor_projekt/NF_AmBe_Parafifn/N4_5_measured_gamma_outputs/tables/measured_gamma_scan_summary_final.csv,detector_indicated_gamma_dose_rate_cs137_equivalent_uSv_h,detector_indicated_gamma_dose_rate_cs137_equivalent_uncertainty_uSv_h,above_background_2sigma,horizontal_line_position_uncertainty_cm,height_uncertainty_cm,15.559011544332954
gamma,P3,P3_x320_h65,320.0,65.0,364.405,0.0,24.0,GCA-07W-DL with LND 712 GM tube,detector-indicated Cs-137-equivalent gamma dose rate,LND 712 active-volume centre,0.0,1.0,0.0919999999999998,0.0482078831727757,False,1.0,1.0,lower,Lower height interval (38–65 cm),/root/Rfys_VI/RFP-master/Bachelor_projekt/NF_AmBe_Parafifn/N4_5_measured_gamma_outputs/tables/measured_gamma_scan_summary_final.csv,detector_indicated_gamma_dose_rate_cs137_equivalent_uSv_h,detector_indicated_gamma_dose_rate_cs137_equivalent_uncertainty_uSv_h,above_background_2sigma,horizontal_line_position_uncertainty_cm,height_uncertainty_cm,52.39987301388675
neutron,P3,P3_x0_h85,0.0,85.0,53.25,0.0,44.0,Studsvik AE 2202 D,detector-indicated neutron dose-equivalent rate,nominal centre of the Studsvik cylindrical moderator,90.0,1.0,37.08735440931781,0.858647971021281,True,1.0,1.0,upper,Upper height interval (85–113 cm),/root/Rfys_VI/RFP-master/Bachelor_projekt/NF_AmBe_Parafifn/N4_measured_neutron_outputs/tables/08_measured_dose_rate_plotting_data.csv,detector_indicated_neutron_dose_equivalent_rate_uSv_h,detector_indicated_neutron_dose_equivalent_rate_uncertainty_uSv_h,above_background_2sigma,horizontal_line_position_uncertainty_cm,height_uncertainty_cm,2.3152041570416104
neutron,P3,P3_x5_h85,5.0,85.0,58.25,0.0,44.0,Studsvik AE 2202 D,detector-indicated neutron dose-equivalent rate,nominal centre of the Studsvik cylindrical moderator,90.0,1.0,34.508319467554074,0.9116323849114012,True,1.0,1.0,upper,Upper height interval (85–113 cm),/root/Rfys_VI/RFP-master/Bachelor_projekt/NF_AmBe_Parafifn/N4_measured_neutron_outputs/tables/08_measured_dose_rate_plotting_data.csv,detector_indicated_neutron_dose_equivalent_rate_uSv_h,detector_indicated_neutron_dose_equivalent_rate_uncertainty_uSv_h,above_background_2sigma,horizontal_line_position_uncertainty_cm,height_uncertainty_cm,2.6417756615721313
neutron,P3,P3_x57_h85,57.0,85.0,110.25,0.0,44.0,Studsvik AE 2202 D,detector-indicated neutron dose-equivalent rate,nominal centre of the Studsvik cylindrical moderator,90.0,1.0,17.13727121464226,0.5146363290752796,True,1.0,1.0,upper,Upper height interval (85–113 cm),/root/Rfys_VI/RFP-master/Bachelor_projekt/NF_AmBe_Parafifn/N4_measured_neutron_outputs/tables/08_measured_dose_rate_plotting_data.csv,detector_indicated_neutron_dose_equivalent_rate_uSv_h,detector_indicated_neutron_dose_equivalent_rate_uncertainty_uSv_h,above_background_2sigma,horizontal_line_position_uncertainty_cm,height_uncertainty_cm,3.0030237756613727
neutron,P3,P3_x100_h85,100.0,85.0,153.25,0.0,44.0,Studsvik AE 2202 D,detector-indicated neutron dose-equivalent rate,nominal centre of the Studsvik cylindrical moderator,90.0,1.0,12.295341098169716,0.4667657289114996,True,1.0,1.0,upper,Upper height interval (85–113 cm),/root/Rfys_VI/RFP-master/Bachelor_projekt/NF_AmBe_Parafifn/N4_measured_neutron_outputs/tables/08_measured_dose_rate_plotting_data.csv,detector_indicated_neutron_dose_equivalent_rate_uSv_h,detector_indicated_neutron_dose_equivalent_rate_uncertainty_uSv_h,above_background_2sigma,horizontal_line_position_uncertainty_cm,height_uncertainty_cm,3.7962812514488298
neutron,P3,P3_x114_h85,114.0,85.0,167.25,0.0,44.0,Studsvik AE 2202 D,detector-indicated neutron dose-equivalent rate,nominal centre of the Studsvik cylindrical moderator,90.0,1.0,10.348585690515806,0.4320988161965991,True,1.0,1.0,upper,Upper height interval (85–113 cm),/root/Rfys_VI/RFP-master/Bachelor_projekt/NF_AmBe_Parafifn/N4_measured_neutron_outputs/tables/08_measured_dose_rate_plotting_data.csv,detector_indicated_neutron_dose_equivalent_rate_uSv_h,detector_indicated_neutron_dose_equivalent_rate_uncertainty_uSv_h,above_background_2sigma,horizontal_line_position_uncertainty_cm,height_uncertainty_cm,4.175438355722423
neutron,P3,P3_x176_h85,176.0,85.0,229.25,0.0,44.0,Studsvik AE 2202 D,detector-indicated neutron dose-equivalent rate,nominal centre of the Studsvik cylindrical moderator,90.0,1.0,6.383333333333334,0.3764115830268311,True,1.0,1.0,upper,Upper height interval (85–113 cm),/root/Rfys_VI/RFP-master/Bachelor_projekt/NF_AmBe_Parafifn/N4_measured_neutron_outputs/tables/08_measured_dose_rate_plotting_data.csv,detector_indicated_neutron_dose_equivalent_rate_uSv_h,detector_indicated_neutron_dose_equivalent_rate_uncertainty_uSv_h,above_background_2sigma,horizontal_line_position_uncertainty_cm,height_uncertainty_cm,5.896787201464717
neutron,P3,P3_x200_h85,200.0,85.0,253.25,0.0,44.0,Studsvik AE 2202 D,detector-indicated neutron dose-equivalent rate,nominal centre of the Studsvik cylindrical moderator,90.0,1.0,4.65,0.3148897219759979,True,1.0,1.0,upper,Upper height interval (85–113 cm),/root/Rfys_VI/RFP-master/Bachelor_projekt/NF_AmBe_Parafifn/N4_measured_neutron_outputs/tables/08_measured_dose_rate_plotting_data.csv,detector_indicated_neutron_dose_equivalent_rate_uSv_h,detector_indicated_neutron_dose_equivalent_rate_uncertainty_uSv_h,above_background_2sigma,horizontal_line_position_uncertainty_cm,height_uncertainty_cm,6.7718219779784485
neutron,P3,P3_x225_h85,225.0,85.0,278.25,0.0,44.0,Studsvik AE 2202 D,detector-indicated neutron dose-equivalent rate,nominal centre of the Studsvik cylindrical moderator,90.0,1.0,3.4833333333333334,0.2680845374798093,True,1.0,1.0,upper,Upper height interval (85–113 cm),/root/Rfys_VI/RFP-master/Bachelor_projekt/NF_AmBe_Parafifn/N4_measured_neutron_outputs/tables/08_measured_dose_rate_plotting_data.csv,detector_indicated_neutron_dose_equivalent_rate_uSv_h,detector_indicated_neutron_dose_equivalent_rate_uncertainty_uSv_h,above_background_2sigma,horizontal_line_position_uncertainty_cm,height_uncertainty_cm,7.696206817602181
neutron,P3,P3_x300_h85,300.0,85.0,353.25,0.0,44.0,Studsvik AE 2202 D,detector-indicated neutron dose-equivalent rate,nominal centre of the Studsvik cylindrical moderator,90.0,1.0,2.079034941763727,0.2281048758492553,True,1.0,1.0,upper,Upper height interval (85–113 cm),/root/Rfys_VI/RFP-master/Bachelor_projekt/NF_AmBe_Parafifn/N4_measured_neutron_outputs/tables/08_measured_dose_rate_plotting_data.csv,detector_indicated_neutron_dose_equivalent_rate_uSv_h,detector_indicated_neutron_dose_equivalent_rate_uncertainty_uSv_h,above_background_2sigma,horizontal_line_position_uncertainty_cm,height_uncertainty_cm,10.971671099271903
neutron,P3,P3_x400_h85,400.0,85.0,453.25,0.0,44.0,Studsvik AE 2202 D,detector-indicated neutron dose-equivalent rate,nominal centre of the Studsvik cylindrical moderator,90.0,1.0,0.7666666666666666,0.1372028097361333,True,1.0,1.0,upper,Upper height interval (85–113 cm),/root/Rfys_VI/RFP-master/Bachelor_projekt/NF_AmBe_Parafifn/N4_measured_neutron_outputs/tables/08_measured_dose_rate_plotting_data.csv,detector_indicated_neutron_dose_equivalent_rate_uSv_h,detector_indicated_neutron_dose_equivalent_rate_uncertainty_uSv_h,above_background_2sigma,horizontal_line_position_uncertainty_cm,height_uncertainty_cm,17.89601866123478
gamma,P3,P3_x176_h88,176.0,88.0,220.405,0.0,47.0,GCA-07W-DL with LND 712 GM tube,detector-indicated Cs-137-equivalent gamma dose rate,LND 712 active-volume centre,0.0,1.0,0.1259999999999999,0.0488466989672792,True,1.0,1.0,upper,Upper height interval (85–113 cm),/root/Rfys_VI/RFP-master/Bachelor_projekt/NF_AmBe_Parafifn/N4_5_measured_gamma_outputs/tables/measured_gamma_scan_summary_final.csv,detector_indicated_gamma_dose_rate_cs137_equivalent_uSv_h,detector_indicated_gamma_dose_rate_cs137_equivalent_uncertainty_uSv_h,above_background_2sigma,horizontal_line_position_uncertainty_cm,height_uncertainty_cm,38.76722140260257
neutron,P4,P4_x0_h42,0.0,42.0,50.10139789775538,41.10139789775538,1.0,Studsvik AE 2202 D,detector-indicated neutron dose-equivalent rate,nominal centre of the Studsvik cylindrical moderator,90.0,1.0,43.141666666666666,0.702371029275019,True,1.0,1.0,lower,Lower height interval (38–65 cm),/root/Rfys_VI/RFP-master/Bachelor_projekt/NF_AmBe_Parafifn/N4_measured_neutron_outputs/tables/08_measured_dose_rate_plotting_data.csv,detector_indicated_neutron_dose_equivalent_rate_uSv_h,detector_indicated_neutron_dose_equivalent_rate_uncertainty_uSv_h,above_background_2sigma,horizontal_line_position_uncertainty_cm,height_uncertainty_cm,1.6280572438285164
neutron,P4,P4_x20_h42,20.0,42.0,64.24353352148633,55.243533521486334,1.0,Studsvik AE 2202 D,detector-indicated neutron dose-equivalent rate,nominal centre of the Studsvik cylindrical moderator,90.0,1.0,27.433333333333334,0.6694862467138862,True,1.0,1.0,lower,Lower height interval (38–65 cm),/root/Rfys_VI/RFP-master/Bachelor_projekt/NF_AmBe_Parafifn/N4_measured_neutron_outputs/tables/08_measured_dose_rate_plotting_data.csv,detector_indicated_neutron_dose_equivalent_rate_uSv_h,detector_indicated_neutron_dose_equivalent_rate_uncertainty_uSv_h,above_background_2sigma,horizontal_line_position_uncertainty_cm,height_uncertainty_cm,2.4404115919096707
neutron,P4,P4_x71_h42,71.0,42.0,100.30597936200024,91.30597936200024,1.0,Studsvik AE 2202 D,detector-indicated neutron dose-equivalent rate,nominal centre of the Studsvik cylindrical moderator,90.0,1.0,71.89600665557404,2.958208605428589,True,1.0,1.0,lower,Lower height interval (38–65 cm),/root/Rfys_VI/RFP-master/Bachelor_projekt/NF_AmBe_Parafifn/N4_measured_neutron_outputs/tables/08_measured_dose_rate_plotting_data.csv,detector_indicated_neutron_dose_equivalent_rate_uSv_h,detector_indicated_neutron_dose_equivalent_rate_uncertainty_uSv_h,above_background_2sigma,horizontal_line_position_uncertainty_cm,height_uncertainty_cm,4.114565944670922
neutron,P4,P4_x85_h45,85.0,45.0,110.20547429861192,101.20547429861192,4.0,Studsvik AE 2202 D,detector-indicated neutron dose-equivalent rate,nominal centre of the Studsvik cylindrical moderator,90.0,1.0,12.922148209825146,0.925974822327189,True,1.0,1.0,lower,Lower height interval (38–65 cm),/root/Rfys_VI/RFP-master/Bachelor_projekt/NF_AmBe_Parafifn/N4_measured_neutron_outputs/tables/08_measured_dose_rate_plotting_data.csv,detector_indicated_neutron_dose_equivalent_rate_uSv_h,detector_indicated_neutron_dose_equivalent_rate_uncertainty_uSv_h,above_background_2sigma,horizontal_line_position_uncertainty_cm,height_uncertainty_cm,7.165796331163723
gamma,P4,P4_x0_h58,0.0,58.0,43.84703841816037,34.84703841816037,17.0,GCA-07W-DL with LND 712 GM tube,detector-indicated Cs-137-equivalent gamma dose rate,LND 712 active-volume centre,0.0,1.0,1.571,0.068583509896448,True,1.0,1.0,lower,Lower height interval (38–65 cm),/root/Rfys_VI/RFP-master/Bachelor_projekt/NF_AmBe_Parafifn/N4_5_measured_gamma_outputs/tables/measured_gamma_scan_summary_final.csv,detector_indicated_gamma_dose_rate_cs137_equivalent_uSv_h,detector_indicated_gamma_dose_rate_cs137_equivalent_uncertainty_uSv_h,above_background_2sigma,horizontal_line_position_uncertainty_cm,height_uncertainty_cm,4.365595792262763
gamma,P4,P4_x20_h58,20.0,58.0,57.98917404189133,48.98917404189133,17.0,GCA-07W-DL with LND 712 GM tube,detector-indicated Cs-137-equivalent gamma dose rate,LND 712 active-volume centre,0.0,1.0,1.142,0.0665275119762462,True,1.0,1.0,lower,Lower height interval (38–65 cm),/root/Rfys_VI/RFP-master/Bachelor_projekt/NF_AmBe_Parafifn/N4_5_measured_gamma_outputs/tables/measured_gamma_scan_summary_final.csv,detector_indicated_gamma_dose_rate_cs137_equivalent_uSv_h,detector_indicated_gamma_dose_rate_cs137_equivalent_uncertainty_uSv_h,above_background_2sigma,horizontal_line_position_uncertainty_cm,height_uncertainty_cm,5.825526442753609
gamma,P4,P4_x71_h58,71.0,58.0,94.05161988240523,85.05161988240525,17.0,GCA-07W-DL with LND 712 GM tube,detector-indicated Cs-137-equivalent gamma dose rate,LND 712 active-volume centre,0.0,1.0,0.4949999999999999,0.0522206855565876,True,1.0,1.0,lower,Lower height interval (38–65 cm),/root/Rfys_VI/RFP-master/Bachelor_projekt/NF_AmBe_Parafifn/N4_5_measured_gamma_outputs/tables/measured_gamma_scan_summary_final.csv,detector_indicated_gamma_dose_rate_cs137_equivalent_uSv_h,detector_indicated_gamma_dose_rate_cs137_equivalent_uncertainty_uSv_h,above_background_2sigma,horizontal_line_position_uncertainty_cm,height_uncertainty_cm,10.549633445775275
gamma,P4,P4_x138_h105,138.0,105.0,141.42777422190392,132.42777422190392,64.0,GCA-07W-DL with LND 712 GM tube,detector-indicated Cs-137-equivalent gamma dose rate,LND 712 active-volume centre,0.0,1.0,0.07,0.0482700735445886,False,1.0,1.0,upper,Upper height interval (85–113 cm),/root/Rfys_VI/RFP-master/Bachelor_projekt/NF_AmBe_Parafifn/N4_5_measured_gamma_outputs/tables/measured_gamma_scan_summary_final.csv,detector_indicated_gamma_dose_rate_cs137_equivalent_uSv_h,detector_indicated_gamma_dose_rate_cs137_equivalent_uncertainty_uSv_h,above_background_2sigma,horizontal_line_position_uncertainty_cm,height_uncertainty_cm,68.95724792084084
neutron,P4,P4_x152_h113,152.0,113.0,157.5816286381106,148.5816286381106,72.0,Studsvik AE 2202 D,detector-indicated neutron dose-equivalent rate,nominal centre of the Studsvik cylindrical moderator,90.0,1.0,4.487510407993339,0.2272928988663007,True,1.0,1.0,upper,Upper height interval (85–113 cm),/root/Rfys_VI/RFP-master/Bachelor_projekt/NF_AmBe_Parafifn/N4_measured_neutron_outputs/tables/08_measured_dose_rate_plotting_data.csv,detector_indicated_neutron_dose_equivalent_rate_uSv_h,detector_indicated_neutron_dose_equivalent_rate_uncertainty_uSv_h,above_background_2sigma,horizontal_line_position_uncertainty_cm,height_uncertainty_cm,5.065011068530052
gamma,P5,P5_x0_h40,0.0,40.0,0.0,35.405,-1.0,GCA-07W-DL with LND 712 GM tube,detector-indicated Cs-137-equivalent gamma dose rate,LND 712 active-volume centre,0.0,1.0,14.231,0.1780316932637105,True,1.0,1.0,lower,Lower height interval (38–65 cm),/root/Rfys_VI/RFP-master/Bachelor_projekt/NF_AmBe_Parafifn/N4_5_measured_gamma_outputs/tables/measured_gamma_scan_summary_final.csv,detector_indicated_gamma_dose_rate_cs137_equivalent_uSv_h,detector_indicated_gamma_dose_rate_cs137_equivalent_uncertainty_uSv_h,above_background_2sigma,horizontal_line_position_uncertainty_cm,height_uncertainty_cm,1.2510132335303947
gamma,P5,P5_x6_h40,6.0,40.0,0.0,41.405,-1.0,GCA-07W-DL with LND 712 GM tube,detector-indicated Cs-137-equivalent gamma dose rate,LND 712 active-volume centre,0.0,1.0,11.202,0.1609682721565602,True,1.0,1.0,lower,Lower height interval (38–65 cm),/root/Rfys_VI/RFP-master/Bachelor_projekt/NF_AmBe_Parafifn/N4_5_measured_gamma_outputs/tables/measured_gamma_scan_summary_final.csv,detector_indicated_gamma_dose_rate_cs137_equivalent_uSv_h,detector_indicated_gamma_dose_rate_cs137_equivalent_uncertainty_uSv_h,above_background_2sigma,horizontal_line_position_uncertainty_cm,height_uncertainty_cm,1.4369601156629193
neutron,P5,P5_x0_h45,0.0,45.0,0.0,44.25,4.0,Studsvik AE 2202 D,detector-indicated neutron dose-equivalent rate,nominal centre of the Studsvik cylindrical moderator,90.0,1.0,250.8745892661555,20.600378424513504,True,1.0,1.0,lower,Lower height interval (38–65 cm),/root/Rfys_VI/RFP-master/Bachelor_projekt/NF_AmBe_Parafifn/N4_measured_neutron_outputs/tables/08_measured_dose_rate_plotting_data.csv,detector_indicated_neutron_dose_equivalent_rate_uSv_h,detector_indicated_neutron_dose_equivalent_rate_uncertainty_uSv_h,above_background_2sigma,horizontal_line_position_uncertainty_cm,height_uncertainty_cm,8.211424873588271
neutron,P5,P5_x6_h45,6.0,45.0,0.0,50.25,4.0,Studsvik AE 2202 D,detector-indicated neutron dose-equivalent rate,nominal centre of the Studsvik cylindrical moderator,90.0,1.0,193.56666666666663,2.222167454342729,True,1.0,1.0,lower,Lower height interval (38–65 cm),/root/Rfys_VI/RFP-master/Bachelor_projekt/NF_AmBe_Parafifn/N4_measured_neutron_outputs/tables/08_measured_dose_rate_plotting_data.csv,detector_indicated_neutron_dose_equivalent_rate_uSv_h,detector_indicated_neutron_dose_equivalent_rate_uncertainty_uSv_h,above_background_2sigma,horizontal_line_position_uncertainty_cm,height_uncertainty_cm,1.1480114281088665
gamma,P5,P5_x6_h50,6.0,50.0,0.0,41.405,9.0,GCA-07W-DL with LND 712 GM tube,detector-indicated Cs-137-equivalent gamma dose rate,LND 712 active-volume centre,0.0,1.0,9.745,0.1453345860529143,True,1.0,1.0,lower,Lower height interval (38–65 cm),/root/Rfys_VI/RFP-master/Bachelor_projekt/NF_AmBe_Parafifn/N4_5_measured_gamma_outputs/tables/measured_gamma_scan_summary_final.csv,detector_indicated_gamma_dose_rate_cs137_equivalent_uSv_h,detector_indicated_gamma_dose_rate_cs137_equivalent_uncertainty_uSv_h,above_background_2sigma,horizontal_line_position_uncertainty_cm,height_uncertainty_cm,1.4913759471822916
gamma,P5,P5_x6_h60,6.0,60.0,0.0,41.405,19.0,GCA-07W-DL with LND 712 GM tube,detector-indicated Cs-137-equivalent gamma dose rate,LND 712 active-volume centre,0.0,1.0,8.690999999999999,0.1380633700766724,True,1.0,1.0,lower,Lower height interval (38–65 cm),/root/Rfys_VI/RFP-master/Bachelor_projekt/NF_AmBe_Parafifn/N4_5_measured_gamma_outputs/tables/measured_gamma_scan_summary_final.csv,detector_indicated_gamma_dose_rate_cs137_equivalent_uSv_h,detector_indicated_gamma_dose_rate_cs137_equivalent_uncertainty_uSv_h,above_background_2sigma,horizontal_line_position_uncertainty_cm,height_uncertainty_cm,1.5885786454570523
neutron,P5,P5_x0_h85,0.0,85.0,0.0,44.25,44.0,Studsvik AE 2202 D,detector-indicated neutron dose-equivalent rate,nominal centre of the Studsvik cylindrical moderator,90.0,1.0,51.51338538761852,0.699533312274018,True,1.0,1.0,upper,Upper height interval (85–113 cm),/root/Rfys_VI/RFP-master/Bachelor_projekt/NF_AmBe_Parafifn/N4_measured_neutron_outputs/tables/08_measured_dose_rate_plotting_data.csv,detector_indicated_neutron_dose_equivalent_rate_uSv_h,detector_indicated_neutron_dose_equivalent_rate_uncertainty_uSv_h,above_background_2sigma,horizontal_line_position_uncertainty_cm,height_uncertainty_cm,1.3579641621498906
gamma,P5,P5_x6_h85,6.0,85.0,0.0,41.405,44.0,GCA-07W-DL with LND 712 GM tube,detector-indicated Cs-137-equivalent gamma dose rate,LND 712 active-volume centre,0.0,1.0,8.622,0.1345354090707091,True,1.0,1.0,upper,Upper height interval (85–113 cm),/root/Rfys_VI/RFP-master/Bachelor_projekt/NF_AmBe_Parafifn/N4_5_measured_gamma_outputs/tables/measured_gamma_scan_summary_final.csv,detector_indicated_gamma_dose_rate_cs137_equivalent_uSv_h,detector_indicated_gamma_dose_rate_cs137_equivalent_uncertainty_uSv_h,above_background_2sigma,horizontal_line_position_uncertainty_cm,height_uncertainty_cm,1.560373568437823
neutron,P5,P5_x6_h85,6.0,85.0,0.0,50.25,44.0,Studsvik AE 2202 D,detector-indicated neutron dose-equivalent rate,nominal centre of the Studsvik cylindrical moderator,90.0,1.0,44.66666666666666,0.9139878396893372,True,1.0,1.0,upper,Upper height interval (85–113 cm),/root/Rfys_VI/RFP-master/Bachelor_projekt/NF_AmBe_Parafifn/N4_measured_neutron_outputs/tables/08_measured_dose_rate_plotting_data.csv,detector_indicated_neutron_dose_equivalent_rate_uSv_h,detector_indicated_neutron_dose_equivalent_rate_uncertainty_uSv_h,above_background_2sigma,horizontal_line_position_uncertainty_cm,height_uncertainty_cm,2.0462414321403073
