point_name,position,distance_cm,height_cm,height_group,common_dose_x_cm,common_dose_y_cm,common_dose_z_cm,gamma_flux_x_cm,gamma_flux_y_cm,gamma_flux_z_cm,simulated_2202d_equivalent_proxy [uSv/h],u_mc_simulated_2202d_equivalent_proxy [uSv/h],gamma_flux [photon/cm2/s],u_mc_gamma_flux [photon/cm2/s],rel_u_mc_simulated_gca_cs137_equivalent_proxy [%],simulated_gca_proxy_mc_uncertainty_class,simulated_gca_cs137_equivalent_proxy [uSv/h],u_mc_simulated_gca_cs137_equivalent_proxy [uSv/h],simulated_combined_instrument_indication [uSv/h],u_mc_simulated_combined_instrument_indication [uSv/h],simulated_gamma_instrument_fraction,h1_gamma_group_1_target_reached,h1_gamma_group_1_configured_target_percent,h1_gamma_group_1_max_relative_error_percent,h1_gamma_input_convergence_status,instrument_proxy_status,pairing_method_for_3h,neutron_proxy_response_reference,gamma_proxy_response_reference
P1_x0_h42,P1,0.0,42.0,Lower height group (42–55 cm),0.0,-44.25,1.0,0.0,-35.405,1.0,164.43433957310708,5.191593355307401,155.05192088663495,13.449834203662018,8.674406693417078,Moderate (5–<10%),1.7686546325817634,0.15342029583210376,166.20299420568884,5.193859774199258,0.010641532910008342,False,80.0,100.0,configured 80% exploratory target not demonstrably reached; 21 point(s) have undefined relative MC uncertainty,response-labelled proxy; not a full detector-response calculation and not AP total dose,"exact position, nominal distance_cm, and nominal height_cm",Studsvik reference centre; ICRP-116 AP spectrum-weighted neutron proxy,LND 712 active-centre field; Cs-137-energy AP coefficient proxy
P1_x4_h42,P1,4.0,42.0,Lower height group (42–55 cm),0.0,-48.25,1.0,0.0,-39.405,1.0,138.60424753662696,4.537362705148299,114.54964977314192,11.8613985654762,10.354809978875467,High (10–<25%),1.306651137073075,0.13530124233073254,139.91089867370002,4.539379554988426,0.00933916620834839,False,80.0,100.0,configured 80% exploratory target not demonstrably reached; 21 point(s) have undefined relative MC uncertainty,response-labelled proxy; not a full detector-response calculation and not AP total dose,"exact position, nominal distance_cm, and nominal height_cm",Studsvik reference centre; ICRP-116 AP spectrum-weighted neutron proxy,LND 712 active-centre field; Cs-137-energy AP coefficient proxy
P1_x57_h42,P1,57.0,42.0,Lower height group (42–55 cm),0.0,-101.25,1.0,0.0,-92.405,1.0,30.089900841111238,2.1621428546034105,25.77779056482703,6.2392905934577,24.204132537142318,High (10–<25%),0.2940434948467233,0.07117067720954615,30.38394433595796,2.163313890540864,0.00967759457414279,False,80.0,100.0,configured 80% exploratory target not demonstrably reached; 21 point(s) have undefined relative MC uncertainty,response-labelled proxy; not a full detector-response calculation and not AP total dose,"exact position, nominal distance_cm, and nominal height_cm",Studsvik reference centre; ICRP-116 AP spectrum-weighted neutron proxy,LND 712 active-centre field; Cs-137-energy AP coefficient proxy
P1_x114_h42,P1,114.0,42.0,Lower height group (42–55 cm),0.0,-158.25,1.0,0.0,-149.405,1.0,12.595879840260842,1.4218787247925404,13.30055924431888,5.153654480951532,38.74765253312814,Very high (≥25%),0.151717538156733,0.058786984516786996,12.747597378417575,1.4230934676142104,0.01190165751654501,False,80.0,100.0,configured 80% exploratory target not demonstrably reached; 21 point(s) have undefined relative MC uncertainty,response-labelled proxy; not a full detector-response calculation and not AP total dose,"exact position, nominal distance_cm, and nominal height_cm",Studsvik reference centre; ICRP-116 AP spectrum-weighted neutron proxy,LND 712 active-centre field; Cs-137-energy AP coefficient proxy
P1_x176_h42,P1,176.0,42.0,Lower height group (42–55 cm),0.0,-220.25,1.0,0.0,-211.405,1.0,8.556378392002259,1.2620446562952117,9.21213154333381,4.297250416736312,46.64773181453253,Very high (≥25%),0.10508144005505417,0.04901810834373043,8.661459832057313,1.2629962349226924,0.012132070354483732,False,80.0,100.0,configured 80% exploratory target not demonstrably reached; 21 point(s) have undefined relative MC uncertainty,response-labelled proxy; not a full detector-response calculation and not AP total dose,"exact position, nominal distance_cm, and nominal height_cm",Studsvik reference centre; ICRP-116 AP spectrum-weighted neutron proxy,LND 712 active-centre field; Cs-137-energy AP coefficient proxy
P1_x199_h42,P1,199.0,42.0,Lower height group (42–55 cm),0.0,-243.25,1.0,0.0,-234.405,1.0,5.4626331122413685,0.9921816432048953,2.193870464131053,2.193870464131053,100.0,Very high (≥25%),0.025025160201057224,0.025025160201057224,5.487658272442426,0.9924971897974597,0.00456026212979168,False,80.0,100.0,configured 80% exploratory target not demonstrably reached; 21 point(s) have undefined relative MC uncertainty,response-labelled proxy; not a full detector-response calculation and not AP total dose,"exact position, nominal distance_cm, and nominal height_cm",Studsvik reference centre; ICRP-116 AP spectrum-weighted neutron proxy,LND 712 active-centre field; Cs-137-energy AP coefficient proxy
P1_x320_h42,P1,320.0,42.0,Lower height group (42–55 cm),0.0,-364.25,1.0,0.0,-355.405,1.0,2.0217981788190227,0.5331969788675592,0.0,0.0,,Unknown,0.0,0.0,2.0217981788190227,0.5331969788675592,0.0,False,80.0,100.0,configured 80% exploratory target not demonstrably reached; 21 point(s) have undefined relative MC uncertainty,response-labelled proxy; not a full detector-response calculation and not AP total dose,"exact position, nominal distance_cm, and nominal height_cm",Studsvik reference centre; ICRP-116 AP spectrum-weighted neutron proxy,LND 712 active-centre field; Cs-137-energy AP coefficient proxy
P1_x420_h42,P1,420.0,42.0,Lower height group (42–55 cm),0.0,-464.25,1.0,0.0,-455.405,1.0,0.781093003283925,0.3960118119116678,2.1942579393970263,2.1942579393970263,100.0,Very high (≥25%),0.025029580074866303,0.025029580074866303,0.8061225833587913,0.39680200988942366,0.031049347322063634,False,80.0,100.0,configured 80% exploratory target not demonstrably reached; 21 point(s) have undefined relative MC uncertainty,response-labelled proxy; not a full detector-response calculation and not AP total dose,"exact position, nominal distance_cm, and nominal height_cm",Studsvik reference centre; ICRP-116 AP spectrum-weighted neutron proxy,LND 712 active-centre field; Cs-137-energy AP coefficient proxy
P1_x0_h85,P1,0.0,85.0,Upper height group (85–113 cm),0.0,-44.25,44.0,0.0,-35.405,44.0,49.21459805453401,2.6570331080652645,23.384894091841737,3.8502915975904335,16.464866517970165,High (10–<25%),0.2667480740094133,0.04391971432490617,49.48134612854342,2.657396071093156,0.005390881511518521,False,80.0,100.0,configured 80% exploratory target not demonstrably reached; 21 point(s) have undefined relative MC uncertainty,response-labelled proxy; not a full detector-response calculation and not AP total dose,"exact position, nominal distance_cm, and nominal height_cm",Studsvik reference centre; ICRP-116 AP spectrum-weighted neutron proxy,LND 712 active-centre field; Cs-137-energy AP coefficient proxy
P1_x4_h85,P1,4.0,85.0,Upper height group (85–113 cm),0.0,-48.25,44.0,0.0,-39.405,44.0,53.08521668405201,2.7022951943547895,20.663694596326067,3.295015250971979,15.94591536190155,High (10–<25%),0.23570774850811343,0.03758575807854753,53.32092443256012,2.702556568629661,0.004420548799866265,False,80.0,100.0,configured 80% exploratory target not demonstrably reached; 21 point(s) have undefined relative MC uncertainty,response-labelled proxy; not a full detector-response calculation and not AP total dose,"exact position, nominal distance_cm, and nominal height_cm",Studsvik reference centre; ICRP-116 AP spectrum-weighted neutron proxy,LND 712 active-centre field; Cs-137-energy AP coefficient proxy
P1_x7_h85,P1,7.0,85.0,Upper height group (85–113 cm),0.0,-51.25,44.0,0.0,-42.405,44.0,41.87249181312259,2.4332329601119413,21.873392155595877,0.6605482382683933,3.0198710541538256,Low (<5%),0.249506592018022,0.007534777350557924,42.121998405140616,2.433244626223357,0.005923427222474135,False,80.0,100.0,configured 80% exploratory target not demonstrably reached; 21 point(s) have undefined relative MC uncertainty,response-labelled proxy; not a full detector-response calculation and not AP total dose,"exact position, nominal distance_cm, and nominal height_cm",Studsvik reference centre; ICRP-116 AP spectrum-weighted neutron proxy,LND 712 active-centre field; Cs-137-energy AP coefficient proxy
P1_x57_h85,P1,57.0,85.0,Upper height group (85–113 cm),0.0,-101.25,44.0,0.0,-92.405,44.0,22.793442307215404,1.7154535141929355,10.993859055651246,3.120865942748857,28.387356313656014,Very high (≥25%),0.12540534575476256,0.03559926233577674,22.918847652970168,1.7158228541535818,0.005471712524713722,False,80.0,100.0,configured 80% exploratory target not demonstrably reached; 21 point(s) have undefined relative MC uncertainty,response-labelled proxy; not a full detector-response calculation and not AP total dose,"exact position, nominal distance_cm, and nominal height_cm",Studsvik reference centre; ICRP-116 AP spectrum-weighted neutron proxy,LND 712 active-centre field; Cs-137-energy AP coefficient proxy
P1_x114_h85,P1,114.0,85.0,Upper height group (85–113 cm),0.0,-158.25,44.0,0.0,-149.405,44.0,8.294773952548454,1.0985739357482436,6.414346939354496,2.5076234047253823,39.09397836497032,Very high (≥25%),0.07316751939868338,0.028604094203906742,8.367941471947137,1.0989462618848167,0.00874378957405136,False,80.0,100.0,configured 80% exploratory target not demonstrably reached; 21 point(s) have undefined relative MC uncertainty,response-labelled proxy; not a full detector-response calculation and not AP total dose,"exact position, nominal distance_cm, and nominal height_cm",Studsvik reference centre; ICRP-116 AP spectrum-weighted neutron proxy,LND 712 active-centre field; Cs-137-energy AP coefficient proxy
P1_x176_h85,P1,176.0,85.0,Upper height group (85–113 cm),0.0,-220.25,44.0,0.0,-211.405,44.0,5.9299097751949565,1.0119426652687542,1.820897886585921,1.3525090736472465,74.2770412119662,Very high (≥25%),0.020770716442289065,0.015427873611859691,5.950680491637246,1.0120602635591487,0.0034904775128624483,False,80.0,100.0,configured 80% exploratory target not demonstrably reached; 21 point(s) have undefined relative MC uncertainty,response-labelled proxy; not a full detector-response calculation and not AP total dose,"exact position, nominal distance_cm, and nominal height_cm",Studsvik reference centre; ICRP-116 AP spectrum-weighted neutron proxy,LND 712 active-centre field; Cs-137-energy AP coefficient proxy
P1_x199_h85,P1,199.0,85.0,Upper height group (85–113 cm),0.0,-243.25,44.0,0.0,-234.405,44.0,3.580698376001063,0.7256015113930366,0.4533243472216018,0.4533243472216018,100.0,Very high (≥25%),0.00517100466857035,0.00517100466857035,3.5858693806696333,0.7256199367610716,0.0014420504819405064,False,80.0,100.0,configured 80% exploratory target not demonstrably reached; 21 point(s) have undefined relative MC uncertainty,response-labelled proxy; not a full detector-response calculation and not AP total dose,"exact position, nominal distance_cm, and nominal height_cm",Studsvik reference centre; ICRP-116 AP spectrum-weighted neutron proxy,LND 712 active-centre field; Cs-137-energy AP coefficient proxy
P1_x320_h85,P1,320.0,85.0,Upper height group (85–113 cm),0.0,-364.25,44.0,0.0,-355.405,44.0,2.2656510724705043,0.5847716068070047,4.237576366151456,2.9917163900881265,70.59970444391513,Very high (≥25%),0.048337415157807304,0.034126072237240186,2.3139884876283117,0.5857665242517598,0.02088922024298834,False,80.0,100.0,configured 80% exploratory target not demonstrably reached; 21 point(s) have undefined relative MC uncertainty,response-labelled proxy; not a full detector-response calculation and not AP total dose,"exact position, nominal distance_cm, and nominal height_cm",Studsvik reference centre; ICRP-116 AP spectrum-weighted neutron proxy,LND 712 active-centre field; Cs-137-energy AP coefficient proxy
P1_x420_h85,P1,420.0,85.0,Upper height group (85–113 cm),0.0,-464.25,44.0,0.0,-455.405,44.0,1.691729162643772,0.5437996017767183,0.0,0.0,,Unknown,0.0,0.0,1.691729162643772,0.5437996017767183,0.0,False,80.0,100.0,configured 80% exploratory target not demonstrably reached; 21 point(s) have undefined relative MC uncertainty,response-labelled proxy; not a full detector-response calculation and not AP total dose,"exact position, nominal distance_cm, and nominal height_cm",Studsvik reference centre; ICRP-116 AP spectrum-weighted neutron proxy,LND 712 active-centre field; Cs-137-energy AP coefficient proxy
P2_x2_h55,P2,2.0,55.0,Lower height group (42–55 cm),51.51561146012848,-42.51561146012848,14.0,45.261251980533466,-36.261251980533466,14.0,24.441346096071637,1.8140877956550536,1.961028248035033,1.3890100609945475,70.83070131123034,Very high (≥25%),0.022369163024086244,0.01584423504741271,24.463715259095725,1.814156986076136,0.0009143812698592167,False,80.0,100.0,configured 80% exploratory target not demonstrably reached; 21 point(s) have undefined relative MC uncertainty,response-labelled proxy; not a full detector-response calculation and not AP total dose,"exact position, nominal distance_cm, and nominal height_cm",Studsvik reference centre; ICRP-116 AP spectrum-weighted neutron proxy,LND 712 active-centre field; Cs-137-energy AP coefficient proxy
P2_x57_h55,P2,57.0,55.0,Lower height group (42–55 cm),90.40648442538858,-81.40648442538858,14.0,84.15212494579359,-75.15212494579359,14.0,10.404368533586908,1.1274468788073349,1.0714355293146252,0.7974841082640555,74.43136674534111,Very high (≥25%),0.012221708712789957,0.009096784834564001,10.416590242299698,1.1274835768323757,0.0011732926445700083,False,80.0,100.0,configured 80% exploratory target not demonstrably reached; 21 point(s) have undefined relative MC uncertainty,response-labelled proxy; not a full detector-response calculation and not AP total dose,"exact position, nominal distance_cm, and nominal height_cm",Studsvik reference centre; ICRP-116 AP spectrum-weighted neutron proxy,LND 712 active-centre field; Cs-137-energy AP coefficient proxy
P2_x114_h55,P2,114.0,55.0,Lower height group (42–55 cm),130.7115709530218,-121.7115709530218,14.0,124.4572114734268,-115.4572114734268,14.0,4.535795918166616,0.7578588114134732,1.5964227475933304,0.3730176250151603,23.36584251117061,High (10–<25%),0.01821016129270818,0.0042549576086843436,4.554006079459324,0.7578707559348719,0.003998712556587142,False,80.0,100.0,configured 80% exploratory target not demonstrably reached; 21 point(s) have undefined relative MC uncertainty,response-labelled proxy; not a full detector-response calculation and not AP total dose,"exact position, nominal distance_cm, and nominal height_cm",Studsvik reference centre; ICRP-116 AP spectrum-weighted neutron proxy,LND 712 active-centre field; Cs-137-energy AP coefficient proxy
P2_x176_h55,P2,176.0,55.0,Lower height group (42–55 cm),174.55219138658774,-165.55219138658774,14.0,168.29783190699274,-159.29783190699274,14.0,2.038720980700318,0.4984808184704883,0.0,0.0,,Unknown,0.0,0.0,2.038720980700318,0.4984808184704883,0.0,False,80.0,100.0,configured 80% exploratory target not demonstrably reached; 21 point(s) have undefined relative MC uncertainty,response-labelled proxy; not a full detector-response calculation and not AP total dose,"exact position, nominal distance_cm, and nominal height_cm",Studsvik reference centre; ICRP-116 AP spectrum-weighted neutron proxy,LND 712 active-centre field; Cs-137-energy AP coefficient proxy
P2_x199_h55,P2,199.0,55.0,Lower height group (42–55 cm),190.81564735387835,-181.81564735387835,14.0,184.56128787428327,-175.56128787428332,14.0,2.6402614388883494,0.6656915122562479,0.6236692921107431,0.6236692921107431,100.0,Very high (≥25%),0.007114104594016256,0.007114104594016256,2.6473755434823656,0.665729524637585,0.002687229098089477,False,80.0,100.0,configured 80% exploratory target not demonstrably reached; 21 point(s) have undefined relative MC uncertainty,response-labelled proxy; not a full detector-response calculation and not AP total dose,"exact position, nominal distance_cm, and nominal height_cm",Studsvik reference centre; ICRP-116 AP spectrum-weighted neutron proxy,LND 712 active-centre field; Cs-137-energy AP coefficient proxy
P2_x321_h55,P2,321.0,55.0,Lower height group (42–55 cm),277.0826746586372,-268.0826746586372,14.0,270.82831517904214,-261.82831517904214,14.0,1.2195104449660756,0.5041088717061989,0.3531553372886408,0.3531553372886408,100.0,Very high (≥25%),0.004028391391379204,0.004028391391379204,1.2235388363574549,0.5041249671163878,0.003292409911051092,False,80.0,100.0,configured 80% exploratory target not demonstrably reached; 21 point(s) have undefined relative MC uncertainty,response-labelled proxy; not a full detector-response calculation and not AP total dose,"exact position, nominal distance_cm, and nominal height_cm",Studsvik reference centre; ICRP-116 AP spectrum-weighted neutron proxy,LND 712 active-centre field; Cs-137-energy AP coefficient proxy
P2_x420_h55,P2,420.0,55.0,Lower height group (42–55 cm),347.0862459961053,-338.0862459961053,14.0,340.83188651651034,-331.83188651651034,14.0,0.7180833198271585,0.24338342252880724,0.0,0.0,,Unknown,0.0,0.0,0.7180833198271585,0.24338342252880724,0.0,False,80.0,100.0,configured 80% exploratory target not demonstrably reached; 21 point(s) have undefined relative MC uncertainty,response-labelled proxy; not a full detector-response calculation and not AP total dose,"exact position, nominal distance_cm, and nominal height_cm",Studsvik reference centre; ICRP-116 AP spectrum-weighted neutron proxy,LND 712 active-centre field; Cs-137-energy AP coefficient proxy
P2_x0_h85,P2,0.0,85.0,Upper height group (85–113 cm),50.10139789775538,-41.10139789775538,44.0,43.84703841816037,-34.84703841816037,44.0,14.754937870799653,1.3733111143404928,1.1861498028347022,0.8823431059347706,74.3871561438628,Very high (≥25%),0.013530237688918393,0.010064759036291499,14.768468108488571,1.3733479952821808,0.0009161571524904148,False,80.0,100.0,configured 80% exploratory target not demonstrably reached; 21 point(s) have undefined relative MC uncertainty,response-labelled proxy; not a full detector-response calculation and not AP total dose,"exact position, nominal distance_cm, and nominal height_cm",Studsvik reference centre; ICRP-116 AP spectrum-weighted neutron proxy,LND 712 active-centre field; Cs-137-energy AP coefficient proxy
P2_x5_h85,P2,5.0,85.0,Upper height group (85–113 cm),53.63693180368812,-44.63693180368812,44.0,47.38257232409311,-38.38257232409311,44.0,12.716839277495083,1.266054012817123,6.729474546328417,2.4241013846032304,36.02214954399098,Very high (≥25%),0.07676213402029994,0.027651370709951214,12.793601411515382,1.2663559379860303,0.006000041079223179,False,80.0,100.0,configured 80% exploratory target not demonstrably reached; 21 point(s) have undefined relative MC uncertainty,response-labelled proxy; not a full detector-response calculation and not AP total dose,"exact position, nominal distance_cm, and nominal height_cm",Studsvik reference centre; ICRP-116 AP spectrum-weighted neutron proxy,LND 712 active-centre field; Cs-137-energy AP coefficient proxy
P2_x30_h85,P2,30.0,85.0,Upper height group (85–113 cm),71.3146013333518,-62.3146013333518,44.0,65.06024185375679,-56.0602418537568,44.0,13.18603942476055,1.1675119909909124,1.4785133640193393,0.8531960223881278,57.70634497808758,Very high (≥25%),0.016865186162503425,0.009732282508130916,13.202904610923053,1.1675525540336,0.0012773845346538736,False,80.0,100.0,configured 80% exploratory target not demonstrably reached; 21 point(s) have undefined relative MC uncertainty,response-labelled proxy; not a full detector-response calculation and not AP total dose,"exact position, nominal distance_cm, and nominal height_cm",Studsvik reference centre; ICRP-116 AP spectrum-weighted neutron proxy,LND 712 active-centre field; Cs-137-energy AP coefficient proxy
P2_x57_h85,P2,57.0,85.0,Upper height group (85–113 cm),90.40648442538858,-81.40648442538858,44.0,84.15212494579359,-75.15212494579359,44.0,10.05425755355359,1.356309422281249,0.5708256131482393,0.5708256131482393,100.0,Very high (≥25%),0.006511324460334262,0.006511324460334262,10.060768878013924,1.3563250518644576,0.0006471994873635989,False,80.0,100.0,configured 80% exploratory target not demonstrably reached; 21 point(s) have undefined relative MC uncertainty,response-labelled proxy; not a full detector-response calculation and not AP total dose,"exact position, nominal distance_cm, and nominal height_cm",Studsvik reference centre; ICRP-116 AP spectrum-weighted neutron proxy,LND 712 active-centre field; Cs-137-energy AP coefficient proxy
P2_x114_h85,P2,114.0,85.0,Upper height group (85–113 cm),130.7115709530218,-121.7115709530218,44.0,124.4572114734268,-115.4572114734268,44.0,4.466033769853953,0.7574220645496278,0.0,0.0,,Unknown,0.0,0.0,4.466033769853953,0.7574220645496278,0.0,False,80.0,100.0,configured 80% exploratory target not demonstrably reached; 21 point(s) have undefined relative MC uncertainty,response-labelled proxy; not a full detector-response calculation and not AP total dose,"exact position, nominal distance_cm, and nominal height_cm",Studsvik reference centre; ICRP-116 AP spectrum-weighted neutron proxy,LND 712 active-centre field; Cs-137-energy AP coefficient proxy
P2_x156_h85,P2,156.0,85.0,Upper height group (85–113 cm),160.4100557628568,-151.4100557628568,44.0,154.1556962832618,-145.1556962832618,44.0,3.1222653985016167,0.5875168065583509,1.9440686521682111,1.9440686521682111,100.0,Very high (≥25%),0.02217570738919282,0.02217570738919282,3.1444411058908095,0.5879351664824395,0.007052352593803953,False,80.0,100.0,configured 80% exploratory target not demonstrably reached; 21 point(s) have undefined relative MC uncertainty,response-labelled proxy; not a full detector-response calculation and not AP total dose,"exact position, nominal distance_cm, and nominal height_cm",Studsvik reference centre; ICRP-116 AP spectrum-weighted neutron proxy,LND 712 active-centre field; Cs-137-energy AP coefficient proxy
P2_x176_h85,P2,176.0,85.0,Upper height group (85–113 cm),174.55219138658774,-165.55219138658774,44.0,168.29783190699274,-159.29783190699274,44.0,1.418295851735202,0.3563511388408219,0.454449622965239,0.454449622965239,100.0,Very high (≥25%),0.005183840524750235,0.005183840524750235,1.4234796922599522,0.35638884151406425,0.00364166805676043,False,80.0,100.0,configured 80% exploratory target not demonstrably reached; 21 point(s) have undefined relative MC uncertainty,response-labelled proxy; not a full detector-response calculation and not AP total dose,"exact position, nominal distance_cm, and nominal height_cm",Studsvik reference centre; ICRP-116 AP spectrum-weighted neutron proxy,LND 712 active-centre field; Cs-137-energy AP coefficient proxy
P2_x199_h85,P2,199.0,85.0,Upper height group (85–113 cm),190.81564735387835,-181.81564735387835,44.0,184.56128787428327,-175.56128787428332,44.0,1.5691311455812296,0.36290555499706373,2.4348146097111525,2.2360997172928765,91.83860275744568,Very high (≥25%),0.027773574905221206,0.02550686312874772,1.5969047204864508,0.36380082725908625,0.017392130256062358,False,80.0,100.0,configured 80% exploratory target not demonstrably reached; 21 point(s) have undefined relative MC uncertainty,response-labelled proxy; not a full detector-response calculation and not AP total dose,"exact position, nominal distance_cm, and nominal height_cm",Studsvik reference centre; ICRP-116 AP spectrum-weighted neutron proxy,LND 712 active-centre field; Cs-137-energy AP coefficient proxy
P2_x300_h85,P2,300.0,85.0,Upper height group (85–113 cm),262.2334322537196,-253.23343225371963,44.0,255.97907277412463,-246.97907277412463,44.0,1.5539726133155687,0.5351518819799362,0.0,0.0,,Unknown,0.0,0.0,1.5539726133155687,0.5351518819799362,0.0,False,80.0,100.0,configured 80% exploratory target not demonstrably reached; 21 point(s) have undefined relative MC uncertainty,response-labelled proxy; not a full detector-response calculation and not AP total dose,"exact position, nominal distance_cm, and nominal height_cm",Studsvik reference centre; ICRP-116 AP spectrum-weighted neutron proxy,LND 712 active-centre field; Cs-137-energy AP coefficient proxy
P2_x321_h85,P2,321.0,85.0,Upper height group (85–113 cm),277.0826746586372,-268.0826746586372,44.0,270.82831517904214,-261.82831517904214,44.0,1.4947793821082849,0.4770135266946282,0.0,0.0,,Unknown,0.0,0.0,1.4947793821082849,0.4770135266946282,0.0,False,80.0,100.0,configured 80% exploratory target not demonstrably reached; 21 point(s) have undefined relative MC uncertainty,response-labelled proxy; not a full detector-response calculation and not AP total dose,"exact position, nominal distance_cm, and nominal height_cm",Studsvik reference centre; ICRP-116 AP spectrum-weighted neutron proxy,LND 712 active-centre field; Cs-137-energy AP coefficient proxy
P3_x0_h45,P3,0.0,45.0,Lower height group (42–55 cm),53.25,0.0,4.0,44.405,0.0,4.0,84.37062279463932,3.916014431853718,14.88195518963712,3.794198783697249,25.49529773036339,Very high (≥25%),0.16975629090896807,0.04327987178326321,84.54037908554828,3.916253589565948,0.0020079906518657544,False,80.0,100.0,configured 80% exploratory target not demonstrably reached; 21 point(s) have undefined relative MC uncertainty,response-labelled proxy; not a full detector-response calculation and not AP total dose,"exact position, nominal distance_cm, and nominal height_cm",Studsvik reference centre; ICRP-116 AP spectrum-weighted neutron proxy,LND 712 active-centre field; Cs-137-energy AP coefficient proxy
P3_x5_h45,P3,5.0,45.0,Lower height group (42–55 cm),58.25,0.0,4.0,49.405,0.0,4.0,66.89667886796255,3.0539141415287765,12.918771732355898,3.6972554540370672,28.61924903260774,Very high (≥25%),0.14736254372755145,0.04217405337017342,67.0440414116901,3.054205336025578,0.002197996132462514,False,80.0,100.0,configured 80% exploratory target not demonstrably reached; 21 point(s) have undefined relative MC uncertainty,response-labelled proxy; not a full detector-response calculation and not AP total dose,"exact position, nominal distance_cm, and nominal height_cm",Studsvik reference centre; ICRP-116 AP spectrum-weighted neutron proxy,LND 712 active-centre field; Cs-137-energy AP coefficient proxy
P3_x57_h45,P3,57.0,45.0,Lower height group (42–55 cm),110.25,0.0,4.0,101.405,0.0,4.0,13.434125176951445,1.4705226944323464,0.3742900057786389,0.3361213716672854,89.80239025299353,Very high (≥25%),0.004269471470356395,0.003834087431549671,13.438394648421802,1.4705276927236022,0.00031770695697330183,False,80.0,100.0,configured 80% exploratory target not demonstrably reached; 21 point(s) have undefined relative MC uncertainty,response-labelled proxy; not a full detector-response calculation and not AP total dose,"exact position, nominal distance_cm, and nominal height_cm",Studsvik reference centre; ICRP-116 AP spectrum-weighted neutron proxy,LND 712 active-centre field; Cs-137-energy AP coefficient proxy
P3_x114_h45,P3,114.0,45.0,Lower height group (42–55 cm),167.25,0.0,4.0,158.405,0.0,4.0,5.8356480983687335,0.9706609773036673,2.794412850816979,2.115340940327373,75.69894118218534,Very high (≥25%),0.03187545956013679,0.02412938538397922,5.8675235579288705,0.9709608437517545,0.0054325234906067,False,80.0,100.0,configured 80% exploratory target not demonstrably reached; 21 point(s) have undefined relative MC uncertainty,response-labelled proxy; not a full detector-response calculation and not AP total dose,"exact position, nominal distance_cm, and nominal height_cm",Studsvik reference centre; ICRP-116 AP spectrum-weighted neutron proxy,LND 712 active-centre field; Cs-137-energy AP coefficient proxy
P3_x176_h45,P3,176.0,45.0,Lower height group (42–55 cm),229.25,0.0,4.0,220.405,0.0,4.0,2.7712747868336955,0.6813920308204562,0.0,0.0,,Unknown,0.0,0.0,2.7712747868336955,0.6813920308204562,0.0,False,80.0,100.0,configured 80% exploratory target not demonstrably reached; 21 point(s) have undefined relative MC uncertainty,response-labelled proxy; not a full detector-response calculation and not AP total dose,"exact position, nominal distance_cm, and nominal height_cm",Studsvik reference centre; ICRP-116 AP spectrum-weighted neutron proxy,LND 712 active-centre field; Cs-137-energy AP coefficient proxy
P3_x199_h45,P3,199.0,45.0,Lower height group (42–55 cm),252.25,0.0,4.0,243.405,0.0,4.0,2.0771795558918256,0.5655195100808171,0.0,0.0,,Unknown,0.0,0.0,2.0771795558918256,0.5655195100808171,0.0,False,80.0,100.0,configured 80% exploratory target not demonstrably reached; 21 point(s) have undefined relative MC uncertainty,response-labelled proxy; not a full detector-response calculation and not AP total dose,"exact position, nominal distance_cm, and nominal height_cm",Studsvik reference centre; ICRP-116 AP spectrum-weighted neutron proxy,LND 712 active-centre field; Cs-137-energy AP coefficient proxy
P3_x225_h45,P3,225.0,45.0,Lower height group (42–55 cm),278.25,0.0,4.0,269.405,0.0,4.0,2.0119795357598944,0.5786895722117902,0.0,0.0,,Unknown,0.0,0.0,2.0119795357598944,0.5786895722117902,0.0,False,80.0,100.0,configured 80% exploratory target not demonstrably reached; 21 point(s) have undefined relative MC uncertainty,response-labelled proxy; not a full detector-response calculation and not AP total dose,"exact position, nominal distance_cm, and nominal height_cm",Studsvik reference centre; ICRP-116 AP spectrum-weighted neutron proxy,LND 712 active-centre field; Cs-137-energy AP coefficient proxy
P3_x300_h45,P3,300.0,45.0,Lower height group (42–55 cm),353.25,0.0,4.0,344.405,0.0,4.0,1.0655649644190148,0.4005263874753479,0.0,0.0,,Unknown,0.0,0.0,1.0655649644190148,0.4005263874753479,0.0,False,80.0,100.0,configured 80% exploratory target not demonstrably reached; 21 point(s) have undefined relative MC uncertainty,response-labelled proxy; not a full detector-response calculation and not AP total dose,"exact position, nominal distance_cm, and nominal height_cm",Studsvik reference centre; ICRP-116 AP spectrum-weighted neutron proxy,LND 712 active-centre field; Cs-137-energy AP coefficient proxy
P3_x0_h85,P3,0.0,85.0,Upper height group (85–113 cm),53.25,0.0,44.0,44.405,0.0,44.0,33.933299644994804,2.117354464341706,17.97256064332604,3.5798613768933363,19.918482668871604,High (10–<25%),0.2050103762623895,0.04083495626521252,34.13831002125719,2.117748195919651,0.00600528778767121,False,80.0,100.0,configured 80% exploratory target not demonstrably reached; 21 point(s) have undefined relative MC uncertainty,response-labelled proxy; not a full detector-response calculation and not AP total dose,"exact position, nominal distance_cm, and nominal height_cm",Studsvik reference centre; ICRP-116 AP spectrum-weighted neutron proxy,LND 712 active-centre field; Cs-137-energy AP coefficient proxy
P3_x5_h85,P3,5.0,85.0,Upper height group (85–113 cm),58.25,0.0,44.0,49.405,0.0,44.0,27.671639451406286,2.078858638560515,10.674520575643085,3.329758351143658,31.193516631945396,Very high (≥25%),0.12176269831899811,0.037982067551642164,27.793402149725285,2.079205587856375,0.004380992930014566,False,80.0,100.0,configured 80% exploratory target not demonstrably reached; 21 point(s) have undefined relative MC uncertainty,response-labelled proxy; not a full detector-response calculation and not AP total dose,"exact position, nominal distance_cm, and nominal height_cm",Studsvik reference centre; ICRP-116 AP spectrum-weighted neutron proxy,LND 712 active-centre field; Cs-137-energy AP coefficient proxy
P3_x57_h85,P3,57.0,85.0,Upper height group (85–113 cm),110.25,0.0,44.0,101.405,0.0,44.0,9.09238596331897,1.0914195177460575,0.0,0.0,,Unknown,0.0,0.0,9.09238596331897,1.0914195177460575,0.0,False,80.0,100.0,configured 80% exploratory target not demonstrably reached; 21 point(s) have undefined relative MC uncertainty,response-labelled proxy; not a full detector-response calculation and not AP total dose,"exact position, nominal distance_cm, and nominal height_cm",Studsvik reference centre; ICRP-116 AP spectrum-weighted neutron proxy,LND 712 active-centre field; Cs-137-energy AP coefficient proxy
P3_x100_h85,P3,100.0,85.0,Upper height group (85–113 cm),153.25,0.0,44.0,144.405,0.0,44.0,4.509943176578997,0.7034626445786316,0.0,0.0,,Unknown,0.0,0.0,4.509943176578997,0.7034626445786316,0.0,False,80.0,100.0,configured 80% exploratory target not demonstrably reached; 21 point(s) have undefined relative MC uncertainty,response-labelled proxy; not a full detector-response calculation and not AP total dose,"exact position, nominal distance_cm, and nominal height_cm",Studsvik reference centre; ICRP-116 AP spectrum-weighted neutron proxy,LND 712 active-centre field; Cs-137-energy AP coefficient proxy
P3_x114_h85,P3,114.0,85.0,Upper height group (85–113 cm),167.25,0.0,44.0,158.405,0.0,44.0,5.1522545834475135,0.8327921404115423,0.0,0.0,,Unknown,0.0,0.0,5.1522545834475135,0.8327921404115423,0.0,False,80.0,100.0,configured 80% exploratory target not demonstrably reached; 21 point(s) have undefined relative MC uncertainty,response-labelled proxy; not a full detector-response calculation and not AP total dose,"exact position, nominal distance_cm, and nominal height_cm",Studsvik reference centre; ICRP-116 AP spectrum-weighted neutron proxy,LND 712 active-centre field; Cs-137-energy AP coefficient proxy
P3_x176_h85,P3,176.0,85.0,Upper height group (85–113 cm),229.25,0.0,44.0,220.405,0.0,44.0,2.3477148326988964,0.5506795242797251,0.0,0.0,,Unknown,0.0,0.0,2.3477148326988964,0.5506795242797251,0.0,False,80.0,100.0,configured 80% exploratory target not demonstrably reached; 21 point(s) have undefined relative MC uncertainty,response-labelled proxy; not a full detector-response calculation and not AP total dose,"exact position, nominal distance_cm, and nominal height_cm",Studsvik reference centre; ICRP-116 AP spectrum-weighted neutron proxy,LND 712 active-centre field; Cs-137-energy AP coefficient proxy
P3_x200_h85,P3,200.0,85.0,Upper height group (85–113 cm),253.25,0.0,44.0,244.405,0.0,44.0,1.6630347210798382,0.4172034841985255,0.0,0.0,,Unknown,0.0,0.0,1.6630347210798382,0.4172034841985255,0.0,False,80.0,100.0,configured 80% exploratory target not demonstrably reached; 21 point(s) have undefined relative MC uncertainty,response-labelled proxy; not a full detector-response calculation and not AP total dose,"exact position, nominal distance_cm, and nominal height_cm",Studsvik reference centre; ICRP-116 AP spectrum-weighted neutron proxy,LND 712 active-centre field; Cs-137-energy AP coefficient proxy
P3_x225_h85,P3,225.0,85.0,Upper height group (85–113 cm),278.25,0.0,44.0,269.405,0.0,44.0,1.409396624777398,0.3709741160369594,0.0,0.0,,Unknown,0.0,0.0,1.409396624777398,0.3709741160369594,0.0,False,80.0,100.0,configured 80% exploratory target not demonstrably reached; 21 point(s) have undefined relative MC uncertainty,response-labelled proxy; not a full detector-response calculation and not AP total dose,"exact position, nominal distance_cm, and nominal height_cm",Studsvik reference centre; ICRP-116 AP spectrum-weighted neutron proxy,LND 712 active-centre field; Cs-137-energy AP coefficient proxy
P3_x300_h85,P3,300.0,85.0,Upper height group (85–113 cm),353.25,0.0,44.0,344.405,0.0,44.0,1.8912974958225472,0.550046407787025,0.0,0.0,,Unknown,0.0,0.0,1.8912974958225472,0.550046407787025,0.0,False,80.0,100.0,configured 80% exploratory target not demonstrably reached; 21 point(s) have undefined relative MC uncertainty,response-labelled proxy; not a full detector-response calculation and not AP total dose,"exact position, nominal distance_cm, and nominal height_cm",Studsvik reference centre; ICRP-116 AP spectrum-weighted neutron proxy,LND 712 active-centre field; Cs-137-energy AP coefficient proxy
P3_x400_h85,P3,400.0,85.0,Upper height group (85–113 cm),453.25,0.0,44.0,444.405,0.0,44.0,0.20462472977091914,0.13543173137171466,0.0,0.0,,Unknown,0.0,0.0,0.20462472977091914,0.13543173137171466,0.0,False,80.0,100.0,configured 80% exploratory target not demonstrably reached; 21 point(s) have undefined relative MC uncertainty,response-labelled proxy; not a full detector-response calculation and not AP total dose,"exact position, nominal distance_cm, and nominal height_cm",Studsvik reference centre; ICRP-116 AP spectrum-weighted neutron proxy,LND 712 active-centre field; Cs-137-energy AP coefficient proxy
P4_x0_h42,P4,0.0,42.0,Lower height group (42–55 cm),50.10139789775538,41.10139789775538,1.0,43.84703841816037,34.84703841816037,1.0,27.557171638416754,1.7985167313597485,0.0,0.0,,Unknown,0.0,0.0,27.557171638416754,1.7985167313597485,0.0,False,80.0,100.0,configured 80% exploratory target not demonstrably reached; 21 point(s) have undefined relative MC uncertainty,response-labelled proxy; not a full detector-response calculation and not AP total dose,"exact position, nominal distance_cm, and nominal height_cm",Studsvik reference centre; ICRP-116 AP spectrum-weighted neutron proxy,LND 712 active-centre field; Cs-137-energy AP coefficient proxy
P4_x20_h42,P4,20.0,42.0,Lower height group (42–55 cm),64.24353352148633,55.243533521486334,1.0,57.98917404189133,48.98917404189133,1.0,17.695444010998063,1.5810702861452577,2.4807209237224623,1.5261057088116063,61.51863735327383,Very high (≥25%),0.028297221529375055,0.017408065093708767,17.723741232527438,1.5811661172886782,0.0015965715792240678,False,80.0,100.0,configured 80% exploratory target not demonstrably reached; 21 point(s) have undefined relative MC uncertainty,response-labelled proxy; not a full detector-response calculation and not AP total dose,"exact position, nominal distance_cm, and nominal height_cm",Studsvik reference centre; ICRP-116 AP spectrum-weighted neutron proxy,LND 712 active-centre field; Cs-137-energy AP coefficient proxy
P4_x71_h42,P4,71.0,42.0,Lower height group (42–55 cm),100.30597936200024,91.30597936200024,1.0,94.05161988240523,85.05161988240525,1.0,6.267532982046007,0.8856012775076274,3.210744788144864,2.43945078076336,75.97772298099254,Very high (≥25%),0.036624497207887574,0.02782645903179016,6.304157479253895,0.8860383369501511,0.005809578413676006,False,80.0,100.0,configured 80% exploratory target not demonstrably reached; 21 point(s) have undefined relative MC uncertainty,response-labelled proxy; not a full detector-response calculation and not AP total dose,"exact position, nominal distance_cm, and nominal height_cm",Studsvik reference centre; ICRP-116 AP spectrum-weighted neutron proxy,LND 712 active-centre field; Cs-137-energy AP coefficient proxy
P4_x85_h45,P4,85.0,45.0,Lower height group (42–55 cm),110.20547429861192,101.20547429861192,4.0,103.95111481901692,94.95111481901692,4.0,6.307294279818494,0.9885341999119345,0.0699410975369139,0.0699410975369139,100.0,Very high (≥25%),0.0007978078920864144,0.0007978078920864144,6.30809208771058,0.9885345218518983,0.00012647372311521942,False,80.0,100.0,configured 80% exploratory target not demonstrably reached; 21 point(s) have undefined relative MC uncertainty,response-labelled proxy; not a full detector-response calculation and not AP total dose,"exact position, nominal distance_cm, and nominal height_cm",Studsvik reference centre; ICRP-116 AP spectrum-weighted neutron proxy,LND 712 active-centre field; Cs-137-energy AP coefficient proxy
P4_x152_h113,P4,152.0,113.0,Upper height group (85–113 cm),157.5816286381106,148.5816286381106,72.0,151.3272691585156,142.3272691585156,72.0,3.355486940763043,0.7090731813281008,0.0,0.0,,Unknown,0.0,0.0,3.355486940763043,0.7090731813281008,0.0,False,80.0,100.0,configured 80% exploratory target not demonstrably reached; 21 point(s) have undefined relative MC uncertainty,response-labelled proxy; not a full detector-response calculation and not AP total dose,"exact position, nominal distance_cm, and nominal height_cm",Studsvik reference centre; ICRP-116 AP spectrum-weighted neutron proxy,LND 712 active-centre field; Cs-137-energy AP coefficient proxy
P5_x0_h45,P5,0.0,45.0,Lower height group (42–55 cm),0.0,44.25,4.0,0.0,35.405,4.0,129.52962322426177,4.323085672776985,25.001485566163243,5.258069497202356,21.031028269450413,High (10–<25%),0.28518829702439547,0.059978031368364805,129.81481152128617,4.323501717175149,0.0021968856533572997,False,80.0,100.0,configured 80% exploratory target not demonstrably reached; 21 point(s) have undefined relative MC uncertainty,response-labelled proxy; not a full detector-response calculation and not AP total dose,"exact position, nominal distance_cm, and nominal height_cm",Studsvik reference centre; ICRP-116 AP spectrum-weighted neutron proxy,LND 712 active-centre field; Cs-137-energy AP coefficient proxy
P5_x6_h45,P5,6.0,45.0,Lower height group (42–55 cm),0.0,50.25,4.0,0.0,41.405,4.0,103.08263063674077,3.9710270466675066,17.658468077374497,4.578459376924468,25.927840155006265,Very high (≥25%),0.20142756820265667,0.052225817911701056,103.28405820494343,3.9713704613673864,0.0019502290256931038,False,80.0,100.0,configured 80% exploratory target not demonstrably reached; 21 point(s) have undefined relative MC uncertainty,response-labelled proxy; not a full detector-response calculation and not AP total dose,"exact position, nominal distance_cm, and nominal height_cm",Studsvik reference centre; ICRP-116 AP spectrum-weighted neutron proxy,LND 712 active-centre field; Cs-137-energy AP coefficient proxy
P5_x0_h85,P5,0.0,85.0,Upper height group (85–113 cm),0.0,44.25,44.0,0.0,35.405,44.0,47.14856103464216,2.4559745627666842,19.853236066037127,3.28946409800817,16.568906384160954,High (10–<25%),0.22646296633505683,0.0375224368868495,47.37502400097721,2.4562611803769836,0.004780218503538606,False,80.0,100.0,configured 80% exploratory target not demonstrably reached; 21 point(s) have undefined relative MC uncertainty,response-labelled proxy; not a full detector-response calculation and not AP total dose,"exact position, nominal distance_cm, and nominal height_cm",Studsvik reference centre; ICRP-116 AP spectrum-weighted neutron proxy,LND 712 active-centre field; Cs-137-energy AP coefficient proxy
P5_x6_h85,P5,6.0,85.0,Upper height group (85–113 cm),0.0,50.25,44.0,0.0,41.405,44.0,41.47182514764208,2.278500536622854,18.37377621895381,3.509605727763536,19.101167261105186,High (10–<25%),0.20958698377837662,0.04003356032901312,41.68141213142046,2.278852206998789,0.005028308136911342,False,80.0,100.0,configured 80% exploratory target not demonstrably reached; 21 point(s) have undefined relative MC uncertainty,response-labelled proxy; not a full detector-response calculation and not AP total dose,"exact position, nominal distance_cm, and nominal height_cm",Studsvik reference centre; ICRP-116 AP spectrum-weighted neutron proxy,LND 712 active-centre field; Cs-137-energy AP coefficient proxy
