tally_name,mean_per_source,std_dev_per_source,relative_error,relative_error_percent,target_reached
gamma_dose_P1_x0_h42,0.0002988766879612861,2.0676552761633357e-05,0.0691808815959297,6.918088159592969,True
gamma_dose_P1_x4_h42,0.00024114279488780783,1.8066399988626062e-05,0.07491992450793104,7.491992450793104,True
gamma_dose_P1_x57_h42,5.1291234624608615e-05,7.4397992386124644e-06,0.1450501102783551,14.50501102783551,True
gamma_dose_P1_x114_h42,2.4493053077826603e-05,5.446911239837257e-06,0.2223859648092752,22.23859648092752,True
gamma_dose_P1_x176_h42,6.125119273583328e-06,2.3472497918173568e-06,0.38321699333116244,38.32169933311624,True
gamma_dose_P1_x199_h42,3.146147208095781e-06,1.4924431479541735e-06,0.47437168359883614,47.437168359883614,True
gamma_dose_P1_x320_h42,2.5610395381324554e-06,1.6827155232778936e-06,0.6570439457193825,65.70439457193825,True
gamma_dose_P1_x420_h42,2.3257803970926927e-06,1.4712648267386024e-06,0.6325897443188253,63.25897443188253,True
gamma_dose_P1_x0_h85,3.568027372063225e-05,5.146025678584445e-06,0.14422607065395734,14.422607065395734,True
gamma_dose_P1_x4_h85,4.0652046044787276e-05,5.953975041095592e-06,0.1464618788076734,14.64618788076734,True
gamma_dose_P1_x7_h85,4.3355518445233705e-05,5.690407193741194e-06,0.13124989384982824,13.124989384982824,True
gamma_dose_P1_x57_h85,2.5931755555071148e-05,4.5637868322479815e-06,0.1759922047142504,17.59922047142504,True
gamma_dose_P1_x114_h85,1.8996757629004247e-05,4.1326216003223685e-06,0.21754352405974178,21.754352405974178,True
gamma_dose_P1_x176_h85,6.893582020029224e-06,2.4737648475548667e-06,0.35885042643539616,35.88504264353961,True
gamma_dose_P1_x199_h85,7.725202480298795e-06,3.0169927256541177e-06,0.39053898371572865,39.05389837157286,True
gamma_dose_P1_x320_h85,2.87926973513761e-06,1.8329504752582988e-06,0.636602556853082,63.6602556853082,True
gamma_dose_P1_x420_h85,3.0857556730915158e-06,1.831726508005439e-06,0.5936071102383467,59.36071102383467,True
gamma_dose_P2_x2_h55,5.48223252466947e-06,7.603678340365106e-07,0.13869675002199108,13.869675002199108,True
gamma_dose_P2_x57_h55,2.283566116160828e-06,6.58648124297678e-07,0.2884296275182997,28.84296275182997,True
gamma_dose_P2_x114_h55,1.0830660605930609e-06,3.0533664229601986e-07,0.28191876138083843,28.191876138083842,True
gamma_dose_P2_x176_h55,9.594645921789029e-07,5.210493303176595e-07,0.5430625940394307,54.306259403943066,True
gamma_dose_P2_x199_h55,3.261236184916448e-07,7.972204941818952e-08,0.24445346763571488,24.44534676357149,True
gamma_dose_P2_x321_h55,2.1094525722661071e-07,9.056656385445054e-08,0.4293368101524,42.93368101524,True
gamma_dose_P2_x420_h55,6.120555733571598e-08,4.148886870589161e-08,0.6778611373199788,67.78611373199787,True
gamma_dose_P2_x0_h85,4.8321708089419354e-06,5.129639969686607e-07,0.10615601501905116,10.615601501905116,True
gamma_dose_P2_x5_h85,3.7255793805483294e-06,4.745341296548395e-07,0.12737190143697802,12.737190143697802,True
gamma_dose_P2_x30_h85,4.469635369732696e-06,9.452556761345043e-07,0.21148384553593572,21.148384553593573,True
gamma_dose_P2_x57_h85,1.9565018068335992e-06,4.645097654599412e-07,0.23741852107548184,23.741852107548183,True
gamma_dose_P2_x114_h85,1.3825065007967708e-06,7.164012923877459e-07,0.5181901799194919,51.81901799194919,True
gamma_dose_P2_x156_h85,9.577158546593314e-07,3.240786631306459e-07,0.338387071232024,33.8387071232024,True
gamma_dose_P2_x176_h85,1.7359895495689436e-06,8.420515555885985e-07,0.48505565934868955,48.505565934868955,True
gamma_dose_P2_x199_h85,6.260710920470985e-07,2.7930036047144276e-07,0.446116046594963,44.6116046594963,True
gamma_dose_P2_x300_h85,1.1498809538723143e-07,4.737685090464377e-08,0.41201526771183145,41.20152677118315,True
gamma_dose_P2_x321_h85,1.591744906615592e-07,6.944261830355713e-08,0.4362672562352203,43.62672562352203,True
gamma_dose_P3_x0_h45,1.280486854928362e-05,1.3776106384951047e-06,0.10758491062933843,10.758491062933844,True
gamma_dose_P3_x5_h45,1.1347596922730163e-05,1.2895140441702646e-06,0.11363763208642552,11.363763208642553,True
gamma_dose_P3_x57_h45,2.103488598570161e-06,4.6817239909215995e-07,0.22256949688740815,22.256949688740814,True
gamma_dose_P3_x114_h45,7.674770313198137e-07,2.154187027095555e-07,0.28068423407942855,28.068423407942856,True
gamma_dose_P3_x176_h45,5.616132488564635e-07,1.2967747953437982e-07,0.2309017456379891,23.09017456379891,True
gamma_dose_P3_x199_h45,1.2662937932650564e-07,6.352426002862663e-08,0.5016549900701435,50.16549900701435,True
gamma_dose_P3_x225_h45,1.5905920681382285e-07,5.8277974924814506e-08,0.3663917109370995,36.63917109370995,True
gamma_dose_P3_x300_h45,4.67998494403114e-08,2.2971911687047545e-08,0.49085439294726696,49.0854392947267,True
gamma_dose_P3_x0_h85,1.1509817770300101e-05,1.1538839078131256e-06,0.10025214393842134,10.025214393842134,True
gamma_dose_P3_x5_h85,9.615928359231468e-06,8.774963984811081e-07,0.0912544650604323,9.12544650604323,True
gamma_dose_P3_x57_h85,2.090712033275515e-06,4.792365453851872e-07,0.2292216899112443,22.92216899112443,True
gamma_dose_P3_x100_h85,1.1976607331519653e-06,2.015869273074614e-07,0.16831722183704845,16.831722183704844,True
gamma_dose_P3_x114_h85,1.6105602781178665e-06,4.2082108381492335e-07,0.2612886270277964,26.128862702779642,True
gamma_dose_P3_x176_h85,6.848223429412649e-07,2.8444848554235334e-07,0.41536098883787387,41.53609888378739,True
gamma_dose_P3_x200_h85,9.095200616043959e-07,3.4986155668743406e-07,0.38466612387887006,38.466612387887004,True
gamma_dose_P3_x225_h85,4.5382116659049707e-07,2.2120365370565154e-07,0.487424717025712,48.7424717025712,True
gamma_dose_P3_x300_h85,2.0861772782731964e-07,9.227436554970384e-08,0.44231315579317704,44.2313155793177,True
gamma_dose_P3_x400_h85,1.16472203547009e-07,6.804493003189776e-08,0.5842160443408658,58.42160443408658,True
gamma_dose_P4_x0_h42,1.8073721833894158e-06,1.9695195394243159e-07,0.10897144249120956,10.897144249120956,True
gamma_dose_P4_x20_h42,1.6116916250493343e-06,2.4052608702866163e-07,0.14923828063032782,14.923828063032781,True
gamma_dose_P4_x71_h42,7.899172534677062e-07,1.4671783570693347e-07,0.1857382340528047,18.57382340528047,True
gamma_dose_P4_x85_h45,7.609870778653845e-07,1.3727611713694084e-07,0.1803921789605269,18.03921789605269,True
gamma_dose_P4_x152_h113,3.687449273650117e-07,1.435553005990778e-07,0.3893078655343125,38.930786553431254,True
gamma_dose_P5_x0_h45,2.951472744717888e-05,2.6209733850118922e-06,0.08880222220254363,8.880222220254364,True
gamma_dose_P5_x6_h45,2.608094146944193e-05,2.8081837191869846e-06,0.10767186922593378,10.767186922593378,True
gamma_dose_P5_x0_h85,3.119957490634543e-05,2.0198138022061674e-06,0.06473850391453166,6.473850391453166,True
gamma_dose_P5_x6_h85,2.469499634585253e-05,1.4971590307614785e-06,0.06062600738197408,6.062600738197408,True
common_gamma_flux_P1_x0_h42,4.734924984935848e-05,2.413836730171825e-06,0.050979408076187914,5.097940807618792,True
common_gamma_flux_P1_x4_h42,3.783413001152831e-05,1.967086669905744e-06,0.0519923854283516,5.19923854283516,True
common_gamma_flux_P1_x57_h42,7.77519257005411e-06,9.012988534258941e-07,0.11591981102786007,11.591981102786008,True
common_gamma_flux_P1_x114_h42,3.165777640881181e-06,6.09935543782642e-07,0.19266531417312965,19.266531417312965,True
common_gamma_flux_P1_x176_h42,9.403959030498615e-07,2.776015726438892e-07,0.2951964930340304,29.51964930340304,True
common_gamma_flux_P1_x199_h42,7.83894245344883e-07,2.707916460746372e-07,0.3454441050980026,34.54441050980026,True
common_gamma_flux_P1_x320_h42,3.3531326265795177e-07,1.8892606164875258e-07,0.5634315211727051,56.34315211727051,True
common_gamma_flux_P1_x420_h42,2.949646065718446e-07,1.6025836767035848e-07,0.5433138895304183,54.331388953041824,True
common_gamma_flux_P1_x0_h85,6.634454421342227e-06,6.199083814849739e-07,0.09343773309992222,9.343773309992223,True
common_gamma_flux_P1_x4_h85,7.234344697898328e-06,6.969558934176817e-07,0.09633987907987804,9.633987907987803,True
common_gamma_flux_P1_x7_h85,7.348414223106708e-06,6.719815422690297e-07,0.09144578978087796,9.144578978087797,True
common_gamma_flux_P1_x57_h85,4.00511695390498e-06,5.675121103450396e-07,0.14169676363425954,14.169676363425953,True
common_gamma_flux_P1_x114_h85,2.8046211065608043e-06,5.025613990973354e-07,0.17919047885709116,17.919047885709116,True
common_gamma_flux_P1_x176_h85,7.80533204956596e-07,2.2525366142240263e-07,0.28858946677986436,28.858946677986435,True
common_gamma_flux_P1_x199_h85,1.0583314890212947e-06,3.319313051925824e-07,0.31363642548285137,31.363642548285135,True
common_gamma_flux_P1_x320_h85,5.530598796680023e-07,2.5084935600975374e-07,0.45356635914421556,45.35663591442155,True
common_gamma_flux_P1_x420_h85,4.2924456808044843e-07,2.1422432042056864e-07,0.4990728744188069,49.90728744188069,True
common_gamma_flux_P2_x2_h55,1.501892676134812e-06,2.2339860276391436e-07,0.14874471812382803,14.874471812382803,True
common_gamma_flux_P2_x57_h55,6.860950089235068e-07,1.6155490035730806e-07,0.23547015829599183,23.547015829599182,True
common_gamma_flux_P2_x114_h55,3.2584531072050645e-07,6.597702105031736e-08,0.2024795781299707,20.24795781299707,True
common_gamma_flux_P2_x176_h55,2.9358250752184514e-07,1.3924575151959068e-07,0.47429852921066684,47.42985292106668,True
common_gamma_flux_P2_x199_h55,1.2259091668327244e-07,2.5478690971155835e-08,0.2078350636449104,20.78350636449104,True
common_gamma_flux_P2_x321_h55,5.118788749043816e-08,1.864857351739732e-08,0.36431613867403406,36.43161386740341,True
common_gamma_flux_P2_x420_h55,1.5676599008824852e-08,6.556565921321788e-09,0.4182390528475526,41.823905284755256,True
common_gamma_flux_P2_x0_h85,9.03605773847367e-07,9.282024884500783e-08,0.10272206257580489,10.272206257580489,True
common_gamma_flux_P2_x5_h85,8.660259769771512e-07,1.2153472544296897e-07,0.14033612001707366,14.033612001707366,True
common_gamma_flux_P2_x30_h85,9.497226521165528e-07,1.7050227915580259e-07,0.1795284957938205,17.95284957938205,True
common_gamma_flux_P2_x57_h85,5.515723056958193e-07,9.878077666095192e-08,0.1790894423829674,17.90894423829674,True
common_gamma_flux_P2_x114_h85,4.208179987002806e-07,1.7244451333388267e-07,0.40978407260736704,40.9784072607367,True
common_gamma_flux_P2_x156_h85,3.354448430306965e-07,1.4629883210213238e-07,0.43613379409962966,43.61337940996297,True
common_gamma_flux_P2_x176_h85,3.4166306709192384e-07,1.4126332463306072e-07,0.41345798899315644,41.345798899315646,True
common_gamma_flux_P2_x199_h85,1.5933215457774647e-07,4.941184450644102e-08,0.310118473181949,31.011847318194903,True
common_gamma_flux_P2_x300_h85,3.44037502361277e-08,1.0662437892670813e-08,0.30992080280463397,30.992080280463398,True
common_gamma_flux_P2_x321_h85,5.567984664122335e-08,2.030941678669184e-08,0.36475346129375796,36.475346129375794,True
common_gamma_flux_P3_x0_h45,2.430961218643526e-06,1.530715637449261e-07,0.06296750543406031,6.296750543406031,True
common_gamma_flux_P3_x5_h45,1.9947226909099053e-06,1.3597059656287188e-07,0.06816516259753783,6.816516259753783,True
common_gamma_flux_P3_x57_h45,4.5722716965776034e-07,8.38473047002599e-08,0.18338215719555892,18.33821571955589,True
common_gamma_flux_P3_x114_h45,1.5800036477443906e-07,3.312228895006075e-08,0.20963425620786416,20.963425620786417,True
common_gamma_flux_P3_x176_h45,1.0547767139996677e-07,2.2815123284181786e-08,0.2163028722701682,21.63028722701682,True
common_gamma_flux_P3_x199_h45,3.134829549212541e-08,1.077788207242758e-08,0.3438107847086917,34.38107847086917,True
common_gamma_flux_P3_x225_h45,4.087553647899117e-08,1.1614828495513382e-08,0.28415109613259915,28.415109613259915,True
common_gamma_flux_P3_x300_h45,1.267435366752992e-08,5.450812431704692e-09,0.4300663035519499,43.00663035519499,True
common_gamma_flux_P3_x0_h85,2.0426541453750496e-06,1.472509933257379e-07,0.07208806917173993,7.208806917173993,True
common_gamma_flux_P3_x5_h85,1.7219992147326048e-06,1.1522903210239316e-07,0.06691584474403267,6.6915844744032675,True
common_gamma_flux_P3_x57_h85,4.1202792983063986e-07,6.235842084856605e-08,0.15134513059393298,15.134513059393297,True
common_gamma_flux_P3_x100_h85,2.325400986510638e-07,3.5517833129161834e-08,0.15273853126921494,15.273853126921495,True
common_gamma_flux_P3_x114_h85,2.4484811648398533e-07,4.8503882534218e-08,0.19809783808318768,19.809783808318766,True
common_gamma_flux_P3_x176_h85,1.0423095614522123e-07,2.8892459418678753e-08,0.27719653054342064,27.719653054342064,True
common_gamma_flux_P3_x200_h85,1.120006545025568e-07,3.369179017181753e-08,0.3008177971946441,30.081779719464407,True
common_gamma_flux_P3_x225_h85,6.658825114609448e-08,2.227656534384918e-08,0.33454197940976765,33.45419794097676,True
common_gamma_flux_P3_x300_h85,3.1438531045185416e-08,1.1528214257640006e-08,0.36669061417249227,36.669061417249225,True
common_gamma_flux_P3_x400_h85,2.764483320195621e-08,1.3320794114219782e-08,0.481854747211033,48.1854747211033,True
common_gamma_flux_P4_x0_h42,3.8725930078375915e-07,3.0907897779638015e-08,0.07981189274753302,7.9811892747533015,True
common_gamma_flux_P4_x20_h42,3.8599864527611426e-07,6.094399453773292e-08,0.15788655033785984,15.788655033785984,True
common_gamma_flux_P4_x71_h42,2.0935098738736692e-07,3.88199539721355e-08,0.1854300018194137,18.54300018194137,True
common_gamma_flux_P4_x85_h45,1.8182371740990008e-07,3.225841256949852e-08,0.17741586757230215,17.741586757230216,True
common_gamma_flux_P4_x152_h113,7.860833131255211e-08,1.9824995690283587e-08,0.2521996760299878,25.21996760299878,True
common_gamma_flux_P5_x0_h45,5.2940497370845914e-06,2.9785172546833187e-07,0.056261603169666746,5.626160316966675,True
common_gamma_flux_P5_x6_h45,4.611779412090182e-06,3.120744315444597e-07,0.06766898493157096,6.766898493157096,True
common_gamma_flux_P5_x0_h85,4.759190405743057e-06,2.244316599180931e-07,0.047157529072017104,4.71575290720171,True
common_gamma_flux_P5_x6_h85,4.065225440395402e-06,1.9128193961867797e-07,0.04705321818513293,4.705321818513293,True
