position,point_name,distance_cm,height_cm,common_dose_x_cm,common_dose_y_cm,common_dose_z_cm,tally_name,detector_volume_cm3,gamma_dose_per_source [pSv/source],u_mc_gamma_dose_per_source [pSv/source],gamma_dose_rate [uSv/h],u_mc_gamma_dose_rate [uSv/h],rel_u_mc_gamma_dose_rate [%],gamma_dose_mc_uncertainty_class
P1,P1_x0_h42,0.0,42.0,0.0,-44.25,1.0,gamma_dose_P1_x0_h42,8.0,3.735958599516076e-05,2.5845690952041697e-06,0.9595209207722926,0.0663805032087654,6.918088159592969,moderate
P1,P1_x4_h42,4.0,42.0,0.0,-48.25,1.0,gamma_dose_P1_x4_h42,8.0,3.014284936097598e-05,2.2582999985782578e-06,0.7741706392916285,0.05800080585198552,7.491992450793104,moderate
P1,P1_x57_h42,57.0,42.0,0.0,-101.25,1.0,gamma_dose_P1_x57_h42,8.0,6.411404328076077e-06,9.299749048265581e-07,0.16466661555392717,0.023884910745260637,14.505011027835508,high
P1,P1_x114_h42,114.0,42.0,0.0,-158.25,1.0,gamma_dose_P1_x114_h42,8.0,3.0616316347283253e-06,6.808639049796571e-07,0.078633087786375,0.017486895093305435,22.238596480927516,high
P1,P1_x176_h42,176.0,42.0,0.0,-220.25,1.0,gamma_dose_P1_x176_h42,8.0,7.65639909197916e-07,2.934062239771696e-07,0.01966423050696436,0.0075356672910498025,38.32169933311624,very high
P1,P1_x199_h42,199.0,42.0,0.0,-243.25,1.0,gamma_dose_P1_x199_h42,8.0,3.9326840101197265e-07,1.865553934942717e-07,0.010100466806525472,0.004791375444145648,47.437168359883614,very high
P1,P1_x320_h42,320.0,42.0,0.0,-364.25,1.0,gamma_dose_P1_x320_h42,8.0,3.201299422665569e-07,2.103394404097367e-07,0.008222023044103752,0.005402230462693617,65.70439457193824,very high
P1,P1_x420_h42,420.0,42.0,0.0,-464.25,1.0,gamma_dose_P1_x420_h42,8.0,2.907225496365866e-07,1.839081033423253e-07,0.0074667414288985805,0.004723384051401734,63.25897443188254,very high
P1,P1_x0_h85,0.0,85.0,0.0,-44.25,44.0,gamma_dose_P1_x0_h85,8.0,4.460034215079031e-06,6.432532098230556e-07,0.11454881050563274,0.016520924837312163,14.422607065395738,high
P1,P1_x4_h85,4.0,85.0,0.0,-48.25,44.0,gamma_dose_P1_x4_h85,8.0,5.0815057555984095e-06,7.44246880136949e-07,0.1305103081750708,0.019114784939089323,14.646187880767336,high
P1,P1_x7_h85,7.0,85.0,0.0,-51.25,44.0,gamma_dose_P1_x7_h85,8.0,5.419439805654213e-06,7.113008992176493e-07,0.1391896011124137,0.018268620371004237,13.124989384982825,high
P1,P1_x57_h85,57.0,85.0,0.0,-101.25,44.0,gamma_dose_P1_x57_h85,8.0,3.2414694443838935e-06,5.704733540309977e-07,0.08325193288633768,0.014651691215389378,17.599220471425042,high
P1,P1_x114_h85,114.0,85.0,0.0,-158.25,44.0,gamma_dose_P1_x114_h85,8.0,2.374594703625531e-06,5.165777000402961e-07,0.06098764843858045,0.013267467965445399,21.754352405974178,high
P1,P1_x176_h85,176.0,85.0,0.0,-220.25,44.0,gamma_dose_P1_x176_h85,8.0,8.61697752503653e-07,3.0922060594435834e-07,0.022131321825054992,0.007941834274499973,35.88504264353961,very high
P1,P1_x199_h85,199.0,85.0,0.0,-243.25,44.0,gamma_dose_P1_x199_h85,8.0,9.656503100373494e-07,3.771240907067647e-07,0.024801176189455258,0.009685826143984584,39.05389837157287,very high
P1,P1_x320_h85,320.0,85.0,0.0,-364.25,44.0,gamma_dose_P1_x320_h85,8.0,3.5990871689220124e-07,2.2911880940728735e-07,0.009243676936653195,0.00588454837259729,63.66025568530821,very high
P1,P1_x420_h85,420.0,85.0,0.0,-464.25,44.0,gamma_dose_P1_x420_h85,8.0,3.8571945913643947e-07,2.2896581350067988e-07,0.009906584367351591,0.005880618918635958,59.36071102383467,very high
P2,P2_x2_h55,2.0,55.0,51.51561146012848,-42.51561146012848,14.0,gamma_dose_P2_x2_h55,8.0,6.852790655836837e-07,9.504597925456382e-08,0.017600291397233483,0.0024411032162362923,13.869675002199106,high
P2,P2_x57_h55,57.0,55.0,90.40648442538858,-81.40648442538858,14.0,gamma_dose_P2_x57_h55,8.0,2.854457645201035e-07,8.233101553720975e-08,0.00733121568419838,0.0021145398090496553,28.84296275182997,very high
P2,P2_x114_h55,114.0,55.0,130.7115709530218,-121.7115709530218,14.0,gamma_dose_P2_x114_h55,8.0,1.353832575741326e-07,3.816708028700248e-08,0.003477101378519309,0.0009802601138277696,28.19187613808385,very high
P2,P2_x176_h55,176.0,55.0,174.55219138658774,-165.55219138658774,14.0,gamma_dose_P2_x176_h55,8.0,1.1993307402236286e-07,6.513116628970743e-08,0.003080288246017913,0.001672789325271656,54.30625940394307,very high
P2,P2_x199_h55,199.0,55.0,190.81564735387835,-181.81564735387835,14.0,gamma_dose_P2_x199_h55,8.0,4.07654523114556e-08,9.96525617727369e-09,0.001046995123089788,0.0002559415884369808,24.445346763571493,high
P2,P2_x321_h55,321.0,55.0,277.0826746586372,-268.0826746586372,14.0,gamma_dose_P2_x321_h55,8.0,2.636815715332634e-08,1.1320820481806318e-08,0.0006772237367433741,0.00029075707889288896,42.933681015240005,very high
P2,P2_x420_h55,420.0,55.0,347.0862459961053,-338.0862459961053,14.0,gamma_dose_P2_x420_h55,8.0,7.650694666964498e-09,5.186108588236451e-09,0.0001964957960814751,0.00013319686381038336,67.78611373199789,very high
P2,P2_x0_h85,0.0,85.0,50.10139789775538,-41.10139789775538,44.0,gamma_dose_P2_x0_h85,8.0,6.040213511177419e-07,6.412049962108259e-08,0.015513317601155766,0.0016468319762636024,10.615601501905118,high
P2,P2_x5_h85,5.0,85.0,53.63693180368812,-44.63693180368812,44.0,gamma_dose_P2_x5_h85,8.0,4.656974225685412e-07,5.9316766206854934e-08,0.01196068981498164,0.0015234558042321084,12.737190143697802,high
P2,P2_x30_h85,30.0,85.0,71.3146013333518,-62.3146013333518,44.0,gamma_dose_P2_x30_h85,8.0,5.58704421216587e-07,1.1815695951681304e-07,0.014349425091453918,0.0030346715995705205,21.14838455359357,high
P2,P2_x57_h85,57.0,85.0,90.40648442538858,-81.40648442538858,44.0,gamma_dose_P2_x57_h85,8.0,2.445627258541999e-07,5.806372068249265e-08,0.006281200544583119,0.0014912733438734351,23.741852107548183,high
P2,P2_x114_h85,114.0,85.0,130.7115709530218,-121.7115709530218,44.0,gamma_dose_P2_x114_h85,8.0,1.7281331259959635e-07,8.955016154846824e-08,0.0044384321830748695,0.0022999519715080304,51.8190179919492,very high
P2,P2_x156_h85,156.0,85.0,160.4100557628568,-151.4100557628568,44.0,gamma_dose_P2_x156_h85,8.0,1.1971448183241642e-07,4.0509832891330735e-08,0.0030746740569474506,0.001040429949123533,33.8387071232024,very high
P2,P2_x176_h85,176.0,85.0,174.55219138658774,-165.55219138658774,44.0,gamma_dose_P2_x176_h85,8.0,2.1699869369611796e-07,1.0525644444857481e-07,0.005573262680390894,0.00270334260416045,48.50556593486896,very high
P2,P2_x199_h85,199.0,85.0,190.81564735387835,-181.81564735387835,44.0,gamma_dose_P2_x199_h85,8.0,7.825888650588731e-08,3.4912545058930346e-08,0.002009953719735277,0.0008966726072871421,44.6116046594963,very high
P2,P2_x300_h85,300.0,85.0,262.2334322537196,-253.23343225371963,44.0,gamma_dose_P2_x300_h85,8.0,1.4373511923403929e-08,5.922106363080471e-09,0.00036916055218766397,0.00015209978373824788,41.20152677118314,very high
P2,P2_x321_h85,321.0,85.0,277.0826746586372,-268.0826746586372,44.0,gamma_dose_P2_x321_h85,8.0,1.98968113326949e-08,8.68032728794464e-09,0.0005110176202930335,0.00022294025509309335,43.62672562352203,very high
P3,P3_x0_h45,0.0,45.0,53.25,0.0,4.0,gamma_dose_P3_x0_h45,8.0,1.6006085686604525e-06,1.722013298118881e-07,0.04110905853710571,0.00442271438877076,10.758491062933842,high
P3,P3_x5_h45,5.0,45.0,58.25,0.0,4.0,gamma_dose_P3_x5_h45,8.0,1.4184496153412703e-06,1.6118925552128308e-07,0.03643059859275893,0.0041398869595721905,11.363763208642553,high
P3,P3_x57_h45,57.0,45.0,110.25,0.0,4.0,gamma_dose_P3_x57_h45,8.0,2.629360748212701e-07,5.8521549886519993e-08,0.006753090482572192,0.0015030319511412371,22.256949688740814,high
P3,P3_x114_h45,114.0,45.0,167.25,0.0,4.0,gamma_dose_P3_x114_h45,8.0,9.593462891497671e-08,2.692733783869444e-08,0.002463926754498034,0.0006915853939140928,28.068423407942856,very high
P3,P3_x176_h45,176.0,45.0,229.25,0.0,4.0,gamma_dose_P3_x176_h45,8.0,7.020165610705794e-08,1.6209684941797477e-08,0.001803016706777995,0.00041631970500949746,23.090174563798914,high
P3,P3_x199_h45,199.0,45.0,252.25,0.0,4.0,gamma_dose_P3_x199_h45,8.0,1.5828672415813206e-08,7.940532503578328e-09,0.0004065340106550268,0.0002039398150783231,50.165499007014354,very high
P3,P3_x225_h45,225.0,45.0,278.25,0.0,4.0,gamma_dose_P3_x225_h45,8.0,1.9882400851727856e-08,7.284746865601813e-09,0.0005106475102503778,0.00018709701496640596,36.63917109370995,very high
P3,P3_x300_h45,300.0,45.0,353.25,0.0,4.0,gamma_dose_P3_x300_h45,8.0,5.849981180038925e-09,2.871488960880943e-09,0.00015024736433371115,7.374957881195064e-05,49.085439294726704,very high
P3,P3_x0_h85,0.0,85.0,53.25,0.0,44.0,gamma_dose_P3_x0_h85,8.0,1.4387272212875127e-06,1.442354884766407e-07,0.03695139631067573,0.0037044567016635143,10.025214393842132,high
P3,P3_x5_h85,5.0,85.0,58.25,0.0,44.0,gamma_dose_P3_x5_h85,8.0,1.2019910449039335e-06,1.0968704981013851e-07,0.030871208110166564,0.002817135581862529,9.12544650604323,moderate
P3,P3_x57_h85,57.0,85.0,110.25,0.0,44.0,gamma_dose_P3_x57_h85,8.0,2.6133900415943936e-07,5.99045681731484e-08,0.006712072289485772,0.0015385525530023632,22.922168991124433,high
P3,P3_x100_h85,100.0,85.0,153.25,0.0,44.0,gamma_dose_P3_x100_h85,8.0,1.4970759164399566e-07,2.5198365913432676e-08,0.0038449988765789844,0.0006471795288723469,16.83172218370484,high
P3,P3_x114_h85,114.0,85.0,167.25,0.0,44.0,gamma_dose_P3_x114_h85,8.0,2.0132003476473332e-07,5.260263547686542e-08,0.005170581524976977,0.0013510141475965244,26.128862702779642,very high
P3,P3_x176_h85,176.0,85.0,229.25,0.0,44.0,gamma_dose_P3_x176_h85,8.0,8.560279286765811e-08,3.555606069279417e-08,0.002198570151277762,0.0009132002720641649,41.536098883787375,very high
P3,P3_x200_h85,200.0,85.0,253.25,0.0,44.0,gamma_dose_P3_x200_h85,8.0,1.1369000770054948e-07,4.373269458592926e-08,0.0029199451215966518,0.0011232039718636,38.46661238788701,very high
P3,P3_x225_h85,225.0,85.0,278.25,0.0,44.0,gamma_dose_P3_x225_h85,8.0,5.6727645823812134e-08,2.7650456713206442e-08,0.001456958408510182,0.0007101575399863073,48.74247170257121,very high
P3,P3_x300_h85,300.0,85.0,353.25,0.0,44.0,gamma_dose_P3_x300_h85,8.0,2.6077215978414955e-08,1.153429569371298e-08,0.0006697513802756739,0.0002962398466065695,44.2313155793177,very high
P3,P3_x400_h85,400.0,85.0,453.25,0.0,44.0,gamma_dose_P3_x400_h85,8.0,1.4559025443376125e-08,8.50561625398722e-09,0.0003739251687849273,0.00021845308298702084,58.42160443408659,very high
P4,P4_x0_h42,0.0,42.0,50.10139789775538,41.10139789775538,1.0,gamma_dose_P4_x0_h42,8.0,2.2592152292367698e-07,2.4618994242803948e-08,0.005802431208046161,0.0006322992986968019,10.897144249120958,high
P4,P4_x20_h42,20.0,42.0,64.24353352148633,55.243533521486334,1.0,gamma_dose_P4_x20_h42,8.0,2.014614531311668e-07,3.0065760878582703e-08,0.0051742136284267295,0.000772190745520415,14.923828063032781,high
P4,P4_x71_h42,71.0,42.0,100.30597936200024,91.30597936200024,1.0,gamma_dose_P4_x71_h42,8.0,9.873965668346328e-08,1.8339729463366684e-08,0.002535969384401875,0.00047102647507078245,18.573823405280468,high
P4,P4_x85_h45,85.0,45.0,110.20547429861192,101.20547429861192,4.0,gamma_dose_P4_x85_h45,8.0,9.512338473317306e-08,1.7159514642117605e-08,0.002443091251545827,0.00044071455426575236,18.039217896052687,high
P4,P4_x152_h113,152.0,113.0,157.5816286381106,148.5816286381106,72.0,gamma_dose_P4_x152_h113,8.0,4.609311592062646e-08,1.7944412574884726e-08,0.0011838276001011451,0.00046087339615598447,38.93078655343125,very high
P5,P5_x0_h45,0.0,45.0,0.0,44.25,4.0,gamma_dose_P5_x0_h45,8.0,3.68934093089736e-06,3.2762167312648653e-07,0.09475479218415543,0.008414436110293215,8.880222220254362,moderate
P5,P5_x6_h45,6.0,45.0,0.0,50.25,4.0,gamma_dose_P5_x6_h45,8.0,3.2601176836802414e-06,3.510229648983731e-07,0.08373088294062178,0.009015460678154596,10.767186922593377,high
P5,P5_x0_h85,0.0,85.0,0.0,44.25,44.0,gamma_dose_P5_x0_h85,8.0,3.899946863293178e-06,2.524767252757709e-07,0.10016386706519717,0.006484458900094896,6.473850391453166,moderate
P5,P5_x6_h85,6.0,85.0,0.0,50.25,44.0,gamma_dose_P5_x6_h85,8.0,3.0868745432315662e-06,1.871448788451848e-07,0.0792814113200763,0.004806515427944269,6.062600738197409,moderate
