stem,png_path,pdf_path
total_ap_three_way_by_height_interval,/root/Rfys_VI/RFP-master/Bachelor_projekt/NF_AmBe_Parafifn/H3_hollow_vs_measurement_vs_massive_outputs/figures/total_ap_three_way_by_height_interval.png,/root/Rfys_VI/RFP-master/Bachelor_projekt/NF_AmBe_Parafifn/H3_hollow_vs_measurement_vs_massive_outputs/figures/total_ap_three_way_by_height_interval.pdf
total_ap_three_way_by_position,/root/Rfys_VI/RFP-master/Bachelor_projekt/NF_AmBe_Parafifn/H3_hollow_vs_measurement_vs_massive_outputs/figures/total_ap_three_way_by_position.png,/root/Rfys_VI/RFP-master/Bachelor_projekt/NF_AmBe_Parafifn/H3_hollow_vs_measurement_vs_massive_outputs/figures/total_ap_three_way_by_position.pdf
component_ap_three_way_by_height_interval,/root/Rfys_VI/RFP-master/Bachelor_projekt/NF_AmBe_Parafifn/H3_hollow_vs_measurement_vs_massive_outputs/figures/component_ap_three_way_by_height_interval.png,/root/Rfys_VI/RFP-master/Bachelor_projekt/NF_AmBe_Parafifn/H3_hollow_vs_measurement_vs_massive_outputs/figures/component_ap_three_way_by_height_interval.pdf
total_ap_three_ratios_by_position,/root/Rfys_VI/RFP-master/Bachelor_projekt/NF_AmBe_Parafifn/H3_hollow_vs_measurement_vs_massive_outputs/figures/total_ap_three_ratios_by_position.png,/root/Rfys_VI/RFP-master/Bachelor_projekt/NF_AmBe_Parafifn/H3_hollow_vs_measurement_vs_massive_outputs/figures/total_ap_three_ratios_by_position.pdf
relative_total_ap_residual_hollow_and_massive,/root/Rfys_VI/RFP-master/Bachelor_projekt/NF_AmBe_Parafifn/H3_hollow_vs_measurement_vs_massive_outputs/figures/relative_total_ap_residual_hollow_and_massive.png,/root/Rfys_VI/RFP-master/Bachelor_projekt/NF_AmBe_Parafifn/H3_hollow_vs_measurement_vs_massive_outputs/figures/relative_total_ap_residual_hollow_and_massive.pdf
hollow_central_agreement_gain_by_position,/root/Rfys_VI/RFP-master/Bachelor_projekt/NF_AmBe_Parafifn/H3_hollow_vs_measurement_vs_massive_outputs/figures/hollow_central_agreement_gain_by_position.png,/root/Rfys_VI/RFP-master/Bachelor_projekt/NF_AmBe_Parafifn/H3_hollow_vs_measurement_vs_massive_outputs/figures/hollow_central_agreement_gain_by_position.pdf
ap_one_to_one_hollow_and_massive,/root/Rfys_VI/RFP-master/Bachelor_projekt/NF_AmBe_Parafifn/H3_hollow_vs_measurement_vs_massive_outputs/figures/ap_one_to_one_hollow_and_massive.png,/root/Rfys_VI/RFP-master/Bachelor_projekt/NF_AmBe_Parafifn/H3_hollow_vs_measurement_vs_massive_outputs/figures/ap_one_to_one_hollow_and_massive.pdf
hollow_to_massive_component_ratios,/root/Rfys_VI/RFP-master/Bachelor_projekt/NF_AmBe_Parafifn/H3_hollow_vs_measurement_vs_massive_outputs/figures/hollow_to_massive_component_ratios.png,/root/Rfys_VI/RFP-master/Bachelor_projekt/NF_AmBe_Parafifn/H3_hollow_vs_measurement_vs_massive_outputs/figures/hollow_to_massive_component_ratios.pdf
spatial_three_way_total_ap_ratios,/root/Rfys_VI/RFP-master/Bachelor_projekt/NF_AmBe_Parafifn/H3_hollow_vs_measurement_vs_massive_outputs/figures/spatial_three_way_total_ap_ratios.png,/root/Rfys_VI/RFP-master/Bachelor_projekt/NF_AmBe_Parafifn/H3_hollow_vs_measurement_vs_massive_outputs/figures/spatial_three_way_total_ap_ratios.pdf
